Day,Hour,Solar
1,0,0
1,1,0
1,2,0
1,3,0
1,4,0
1,5,0
1,6,0
1,7,1.25
1,8,5.325
1,9,11.19
1,10,18.03
1,11,22.795
1,12,25.845
1,13,26.44
1,14,26.785
1,15,24.39
1,16,19.395
1,17,13
1,18,6.49
1,19,2.03
1,20,0
1,21,0
1,22,0
1,23,0
2,0,0
2,1,0
2,2,0
2,3,0
2,4,0
2,5,0
2,6,0
2,7,1.25
2,8,5.325
2,9,11.19
2,10,18.03
2,11,22.795
2,12,25.845
2,13,26.44
2,14,26.785
2,15,24.39
2,16,19.395
2,17,13
2,18,6.49
2,19,2.03
2,20,0
2,21,0
2,22,0
2,23,0
3,0,0
3,1,0
3,2,0
3,3,0
3,4,0
3,5,0
3,6,0
3,7,1.25
3,8,5.325
3,9,11.19
3,10,18.03
3,11,22.795
3,12,25.845
3,13,26.44
3,14,26.785
3,15,24.39
3,16,19.395
3,17,13
3,18,6.49
3,19,2.03
3,20,0
3,21,0
3,22,0
3,23,0
4,0,0
4,1,0
4,2,0
4,3,0
4,4,0
4,5,0
4,6,0
4,7,1.25
4,8,5.325
4,9,11.19
4,10,18.03
4,11,22.795
4,12,25.845
4,13,26.44
4,14,26.785
4,15,24.39
4,16,19.395
4,17,13
4,18,6.49
4,19,2.03
4,20,0
4,21,0
4,22,0
4,23,0
5,0,0
5,1,0
5,2,0
5,3,0
5,4,0
5,5,0
5,6,0
5,7,1.25
5,8,5.325
5,9,11.19
5,10,18.03
5,11,22.795
5,12,25.845
5,13,26.44
5,14,26.785
5,15,24.39
5,16,19.395
5,17,13
5,18,6.49
5,19,2.03
5,20,0
5,21,0
5,22,0
5,23,0
6,0,0
6,1,0
6,2,0
6,3,0
6,4,0
6,5,0
6,6,0
6,7,1.25
6,8,5.325
6,9,11.19
6,10,18.03
6,11,22.795
6,12,25.845
6,13,26.44
6,14,26.785
6,15,24.39
6,16,19.395
6,17,13
6,18,6.49
6,19,2.03
6,20,0
6,21,0
6,22,0
6,23,0
7,0,0
7,1,0
7,2,0
7,3,0
7,4,0
7,5,0
7,6,0
7,7,1.25
7,8,5.325
7,9,11.19
7,10,18.03
7,11,22.795
7,12,25.845
7,13,26.44
7,14,26.785
7,15,24.39
7,16,19.395
7,17,13
7,18,6.49
7,19,2.03
7,20,0
7,21,0
7,22,0
7,23,0
8,0,0
8,1,0
8,2,0
8,3,0
8,4,0
8,5,0
8,6,0
8,7,1.25
8,8,5.325
8,9,11.19
8,10,18.03
8,11,22.795
8,12,25.845
8,13,26.44
8,14,26.785
8,15,24.39
8,16,19.395
8,17,13
8,18,6.49
8,19,2.03
8,20,0
8,21,0
8,22,0
8,23,0
9,0,0
9,1,0
9,2,0
9,3,0
9,4,0
9,5,0
9,6,0
9,7,1.25
9,8,5.325
9,9,11.19
9,10,18.03
9,11,22.795
9,12,25.845
9,13,26.44
9,14,26.785
9,15,24.39
9,16,19.395
9,17,13
9,18,6.49
9,19,2.03
9,20,0
9,21,0
9,22,0
9,23,0
10,0,0
10,1,0
10,2,0
10,3,0
10,4,0
10,5,0
10,6,0
10,7,1.25
10,8,5.325
10,9,11.19
10,10,18.03
10,11,22.795
10,12,25.845
10,13,26.44
10,14,26.785
10,15,24.39
10,16,19.395
10,17,13
10,18,6.49
10,19,2.03
10,20,0
10,21,0
10,22,0
10,23,0
11,0,0
11,1,0
11,2,0
11,3,0
11,4,0
11,5,0
11,6,0
11,7,1.25
11,8,5.325
11,9,11.19
11,10,18.03
11,11,22.795
11,12,25.845
11,13,26.44
11,14,26.785
11,15,24.39
11,16,19.395
11,17,13
11,18,6.49
11,19,2.03
11,20,0
11,21,0
11,22,0
11,23,0
12,0,0
12,1,0
12,2,0
12,3,0
12,4,0
12,5,0
12,6,0
12,7,1.25
12,8,5.325
12,9,11.19
12,10,18.03
12,11,22.795
12,12,25.845
12,13,26.44
12,14,26.785
12,15,24.39
12,16,19.395
12,17,13
12,18,6.49
12,19,2.03
12,20,0
12,21,0
12,22,0
12,23,0
13,0,0
13,1,0
13,2,0
13,3,0
13,4,0
13,5,0
13,6,0
13,7,1.25
13,8,5.325
13,9,11.19
13,10,18.03
13,11,22.795
13,12,25.845
13,13,26.44
13,14,26.785
13,15,24.39
13,16,19.395
13,17,13
13,18,6.49
13,19,2.03
13,20,0
13,21,0
13,22,0
13,23,0
14,0,0
14,1,0
14,2,0
14,3,0
14,4,0
14,5,0
14,6,0
14,7,1.25
14,8,5.325
14,9,11.19
14,10,18.03
14,11,22.795
14,12,25.845
14,13,26.44
14,14,26.785
14,15,24.39
14,16,19.395
14,17,13
14,18,6.49
14,19,2.03
14,20,0
14,21,0
14,22,0
14,23,0
15,0,0
15,1,0
15,2,0
15,3,0
15,4,0
15,5,0
15,6,0
15,7,1.25
15,8,5.325
15,9,11.19
15,10,18.03
15,11,22.795
15,12,25.845
15,13,26.44
15,14,26.785
15,15,24.39
15,16,19.395
15,17,13
15,18,6.49
15,19,2.03
15,20,0
15,21,0
15,22,0
15,23,0
16,0,0
16,1,0
16,2,0
16,3,0
16,4,0
16,5,0
16,6,0
16,7,1.25
16,8,5.325
16,9,11.19
16,10,18.03
16,11,22.795
16,12,25.845
16,13,26.44
16,14,26.785
16,15,24.39
16,16,19.395
16,17,13
16,18,6.49
16,19,2.03
16,20,0
16,21,0
16,22,0
16,23,0
17,0,0
17,1,0
17,2,0
17,3,0
17,4,0
17,5,0
17,6,0
17,7,1.25
17,8,5.325
17,9,11.19
17,10,18.03
17,11,22.795
17,12,25.845
17,13,26.44
17,14,26.785
17,15,24.39
17,16,19.395
17,17,13
17,18,6.49
17,19,2.03
17,20,0
17,21,0
17,22,0
17,23,0
18,0,0
18,1,0
18,2,0
18,3,0
18,4,0
18,5,0
18,6,0
18,7,1.25
18,8,5.325
18,9,11.19
18,10,18.03
18,11,22.795
18,12,25.845
18,13,26.44
18,14,26.785
18,15,24.39
18,16,19.395
18,17,13
18,18,6.49
18,19,2.03
18,20,0
18,21,0
18,22,0
18,23,0
19,0,0
19,1,0
19,2,0
19,3,0
19,4,0
19,5,0
19,6,0
19,7,1.25
19,8,5.325
19,9,11.19
19,10,18.03
19,11,22.795
19,12,25.845
19,13,26.44
19,14,26.785
19,15,24.39
19,16,19.395
19,17,13
19,18,6.49
19,19,2.03
19,20,0
19,21,0
19,22,0
19,23,0
20,0,0
20,1,0
20,2,0
20,3,0
20,4,0
20,5,0
20,6,0
20,7,1.25
20,8,5.325
20,9,11.19
20,10,18.03
20,11,22.795
20,12,25.845
20,13,26.44
20,14,26.785
20,15,24.39
20,16,19.395
20,17,13
20,18,6.49
20,19,2.03
20,20,0
20,21,0
20,22,0
20,23,0
21,0,0
21,1,0
21,2,0
21,3,0
21,4,0
21,5,0
21,6,0
21,7,1.25
21,8,5.325
21,9,11.19
21,10,18.03
21,11,22.795
21,12,25.845
21,13,26.44
21,14,26.785
21,15,24.39
21,16,19.395
21,17,13
21,18,6.49
21,19,2.03
21,20,0
21,21,0
21,22,0
21,23,0
22,0,0
22,1,0
22,2,0
22,3,0
22,4,0
22,5,0
22,6,0
22,7,1.25
22,8,5.325
22,9,11.19
22,10,18.03
22,11,22.795
22,12,25.845
22,13,26.44
22,14,26.785
22,15,24.39
22,16,19.395
22,17,13
22,18,6.49
22,19,2.03
22,20,0
22,21,0
22,22,0
22,23,0
23,0,0
23,1,0
23,2,0
23,3,0
23,4,0
23,5,0
23,6,0
23,7,1.25
23,8,5.325
23,9,11.19
23,10,18.03
23,11,22.795
23,12,25.845
23,13,26.44
23,14,26.785
23,15,24.39
23,16,19.395
23,17,13
23,18,6.49
23,19,2.03
23,20,0
23,21,0
23,22,0
23,23,0
24,0,0
24,1,0
24,2,0
24,3,0
24,4,0
24,5,0
24,6,0
24,7,1.25
24,8,5.325
24,9,11.19
24,10,18.03
24,11,22.795
24,12,25.845
24,13,26.44
24,14,26.785
24,15,24.39
24,16,19.395
24,17,13
24,18,6.49
24,19,2.03
24,20,0
24,21,0
24,22,0
24,23,0
25,0,0
25,1,0
25,2,0
25,3,0
25,4,0
25,5,0
25,6,0
25,7,1.25
25,8,5.325
25,9,11.19
25,10,18.03
25,11,22.795
25,12,25.845
25,13,26.44
25,14,26.785
25,15,24.39
25,16,19.395
25,17,13
25,18,6.49
25,19,2.03
25,20,0
25,21,0
25,22,0
25,23,0
26,0,0
26,1,0
26,2,0
26,3,0
26,4,0
26,5,0
26,6,0
26,7,1.25
26,8,5.325
26,9,11.19
26,10,18.03
26,11,22.795
26,12,25.845
26,13,26.44
26,14,26.785
26,15,24.39
26,16,19.395
26,17,13
26,18,6.49
26,19,2.03
26,20,0
26,21,0
26,22,0
26,23,0
27,0,0
27,1,0
27,2,0
27,3,0
27,4,0
27,5,0
27,6,0
27,7,1.25
27,8,5.325
27,9,11.19
27,10,18.03
27,11,22.795
27,12,25.845
27,13,26.44
27,14,26.785
27,15,24.39
27,16,19.395
27,17,13
27,18,6.49
27,19,2.03
27,20,0
27,21,0
27,22,0
27,23,0
28,0,0
28,1,0
28,2,0
28,3,0
28,4,0
28,5,0
28,6,0
28,7,1.25
28,8,5.325
28,9,11.19
28,10,18.03
28,11,22.795
28,12,25.845
28,13,26.44
28,14,26.785
28,15,24.39
28,16,19.395
28,17,13
28,18,6.49
28,19,2.03
28,20,0
28,21,0
28,22,0
28,23,0
29,0,0
29,1,0
29,2,0
29,3,0
29,4,0
29,5,0
29,6,0
29,7,1.25
29,8,5.325
29,9,11.19
29,10,18.03
29,11,22.795
29,12,25.845
29,13,26.44
29,14,26.785
29,15,24.39
29,16,19.395
29,17,13
29,18,6.49
29,19,2.03
29,20,0
29,21,0
29,22,0
29,23,0
30,0,0
30,1,0
30,2,0
30,3,0
30,4,0
30,5,0
30,6,0
30,7,1.25
30,8,5.325
30,9,11.19
30,10,18.03
30,11,22.795
30,12,25.845
30,13,26.44
30,14,26.785
30,15,24.39
30,16,19.395
30,17,13
30,18,6.49
30,19,2.03
30,20,0
30,21,0
30,22,0
30,23,0
31,0,0
31,1,0
31,2,0
31,3,0
31,4,0
31,5,0
31,6,0
31,7,1.25
31,8,5.325
31,9,11.19
31,10,18.03
31,11,22.795
31,12,25.845
31,13,26.44
31,14,26.785
31,15,24.39
31,16,19.395
31,17,13
31,18,6.49
31,19,2.03
31,20,0
31,21,0
31,22,0
31,23,0
1,0,0
1,1,0
1,2,0
1,3,0
1,4,0
1,5,0
1,6,0
1,7,0.225
1,8,4.64
1,9,10.56
1,10,16.36
1,11,22.79
1,12,25.925
1,13,28.685
1,14,26.265
1,15,24.46
1,16,19.625
1,17,13.1
1,18,6.205
1,19,1.395
1,20,0
1,21,0
1,22,0
1,23,0
2,0,0
2,1,0
2,2,0
2,3,0
2,4,0
2,5,0
2,6,0
2,7,0.225
2,8,4.64
2,9,10.56
2,10,16.36
2,11,22.79
2,12,25.925
2,13,28.685
2,14,26.265
2,15,24.46
2,16,19.625
2,17,13.1
2,18,6.205
2,19,1.395
2,20,0
2,21,0
2,22,0
2,23,0
3,0,0
3,1,0
3,2,0
3,3,0
3,4,0
3,5,0
3,6,0
3,7,0.225
3,8,4.64
3,9,10.56
3,10,16.36
3,11,22.79
3,12,25.925
3,13,28.685
3,14,26.265
3,15,24.46
3,16,19.625
3,17,13.1
3,18,6.205
3,19,1.395
3,20,0
3,21,0
3,22,0
3,23,0
4,0,0
4,1,0
4,2,0
4,3,0
4,4,0
4,5,0
4,6,0
4,7,0.225
4,8,4.64
4,9,10.56
4,10,16.36
4,11,22.79
4,12,25.925
4,13,28.685
4,14,26.265
4,15,24.46
4,16,19.625
4,17,13.1
4,18,6.205
4,19,1.395
4,20,0
4,21,0
4,22,0
4,23,0
5,0,0
5,1,0
5,2,0
5,3,0
5,4,0
5,5,0
5,6,0
5,7,0.225
5,8,4.64
5,9,10.56
5,10,16.36
5,11,22.79
5,12,25.925
5,13,28.685
5,14,26.265
5,15,24.46
5,16,19.625
5,17,13.1
5,18,6.205
5,19,1.395
5,20,0
5,21,0
5,22,0
5,23,0
6,0,0
6,1,0
6,2,0
6,3,0
6,4,0
6,5,0
6,6,0
6,7,0.225
6,8,4.64
6,9,10.56
6,10,16.36
6,11,22.79
6,12,25.925
6,13,28.685
6,14,26.265
6,15,24.46
6,16,19.625
6,17,13.1
6,18,6.205
6,19,1.395
6,20,0
6,21,0
6,22,0
6,23,0
7,0,0
7,1,0
7,2,0
7,3,0
7,4,0
7,5,0
7,6,0
7,7,0.225
7,8,4.64
7,9,10.56
7,10,16.36
7,11,22.79
7,12,25.925
7,13,28.685
7,14,26.265
7,15,24.46
7,16,19.625
7,17,13.1
7,18,6.205
7,19,1.395
7,20,0
7,21,0
7,22,0
7,23,0
8,0,0
8,1,0
8,2,0
8,3,0
8,4,0
8,5,0
8,6,0
8,7,0.225
8,8,4.64
8,9,10.56
8,10,16.36
8,11,22.79
8,12,25.925
8,13,28.685
8,14,26.265
8,15,24.46
8,16,19.625
8,17,13.1
8,18,6.205
8,19,1.395
8,20,0
8,21,0
8,22,0
8,23,0
9,0,0
9,1,0
9,2,0
9,3,0
9,4,0
9,5,0
9,6,0
9,7,0.225
9,8,4.64
9,9,10.56
9,10,16.36
9,11,22.79
9,12,25.925
9,13,28.685
9,14,26.265
9,15,24.46
9,16,19.625
9,17,13.1
9,18,6.205
9,19,1.395
9,20,0
9,21,0
9,22,0
9,23,0
10,0,0
10,1,0
10,2,0
10,3,0
10,4,0
10,5,0
10,6,0
10,7,0.225
10,8,4.64
10,9,10.56
10,10,16.36
10,11,22.79
10,12,25.925
10,13,28.685
10,14,26.265
10,15,24.46
10,16,19.625
10,17,13.1
10,18,6.205
10,19,1.395
10,20,0
10,21,0
10,22,0
10,23,0
11,0,0
11,1,0
11,2,0
11,3,0
11,4,0
11,5,0
11,6,0
11,7,0.225
11,8,4.64
11,9,10.56
11,10,16.36
11,11,22.79
11,12,25.925
11,13,28.685
11,14,26.265
11,15,24.46
11,16,19.625
11,17,13.1
11,18,6.205
11,19,1.395
11,20,0
11,21,0
11,22,0
11,23,0
12,0,0
12,1,0
12,2,0
12,3,0
12,4,0
12,5,0
12,6,0
12,7,0.225
12,8,4.64
12,9,10.56
12,10,16.36
12,11,22.79
12,12,25.925
12,13,28.685
12,14,26.265
12,15,24.46
12,16,19.625
12,17,13.1
12,18,6.205
12,19,1.395
12,20,0
12,21,0
12,22,0
12,23,0
13,0,0
13,1,0
13,2,0
13,3,0
13,4,0
13,5,0
13,6,0
13,7,0.225
13,8,4.64
13,9,10.56
13,10,16.36
13,11,22.79
13,12,25.925
13,13,28.685
13,14,26.265
13,15,24.46
13,16,19.625
13,17,13.1
13,18,6.205
13,19,1.395
13,20,0
13,21,0
13,22,0
13,23,0
14,0,0
14,1,0
14,2,0
14,3,0
14,4,0
14,5,0
14,6,0
14,7,0.225
14,8,4.64
14,9,10.56
14,10,16.36
14,11,22.79
14,12,25.925
14,13,28.685
14,14,26.265
14,15,24.46
14,16,19.625
14,17,13.1
14,18,6.205
14,19,1.395
14,20,0
14,21,0
14,22,0
14,23,0
15,0,0
15,1,0
15,2,0
15,3,0
15,4,0
15,5,0
15,6,0
15,7,0.225
15,8,4.64
15,9,10.56
15,10,16.36
15,11,22.79
15,12,25.925
15,13,28.685
15,14,26.265
15,15,24.46
15,16,19.625
15,17,13.1
15,18,6.205
15,19,1.395
15,20,0
15,21,0
15,22,0
15,23,0
16,0,0
16,1,0
16,2,0
16,3,0
16,4,0
16,5,0
16,6,0
16,7,0.225
16,8,4.64
16,9,10.56
16,10,16.36
16,11,22.79
16,12,25.925
16,13,28.685
16,14,26.265
16,15,24.46
16,16,19.625
16,17,13.1
16,18,6.205
16,19,1.395
16,20,0
16,21,0
16,22,0
16,23,0
17,0,0
17,1,0
17,2,0
17,3,0
17,4,0
17,5,0
17,6,0
17,7,0.225
17,8,4.64
17,9,10.56
17,10,16.36
17,11,22.79
17,12,25.925
17,13,28.685
17,14,26.265
17,15,24.46
17,16,19.625
17,17,13.1
17,18,6.205
17,19,1.395
17,20,0
17,21,0
17,22,0
17,23,0
18,0,0
18,1,0
18,2,0
18,3,0
18,4,0
18,5,0
18,6,0
18,7,0.225
18,8,4.64
18,9,10.56
18,10,16.36
18,11,22.79
18,12,25.925
18,13,28.685
18,14,26.265
18,15,24.46
18,16,19.625
18,17,13.1
18,18,6.205
18,19,1.395
18,20,0
18,21,0
18,22,0
18,23,0
19,0,0
19,1,0
19,2,0
19,3,0
19,4,0
19,5,0
19,6,0
19,7,0.225
19,8,4.64
19,9,10.56
19,10,16.36
19,11,22.79
19,12,25.925
19,13,28.685
19,14,26.265
19,15,24.46
19,16,19.625
19,17,13.1
19,18,6.205
19,19,1.395
19,20,0
19,21,0
19,22,0
19,23,0
20,0,0
20,1,0
20,2,0
20,3,0
20,4,0
20,5,0
20,6,0
20,7,0.225
20,8,4.64
20,9,10.56
20,10,16.36
20,11,22.79
20,12,25.925
20,13,28.685
20,14,26.265
20,15,24.46
20,16,19.625
20,17,13.1
20,18,6.205
20,19,1.395
20,20,0
20,21,0
20,22,0
20,23,0
21,0,0
21,1,0
21,2,0
21,3,0
21,4,0
21,5,0
21,6,0
21,7,0.225
21,8,4.64
21,9,10.56
21,10,16.36
21,11,22.79
21,12,25.925
21,13,28.685
21,14,26.265
21,15,24.46
21,16,19.625
21,17,13.1
21,18,6.205
21,19,1.395
21,20,0
21,21,0
21,22,0
21,23,0
22,0,0
22,1,0
22,2,0
22,3,0
22,4,0
22,5,0
22,6,0
22,7,0.225
22,8,4.64
22,9,10.56
22,10,16.36
22,11,22.79
22,12,25.925
22,13,28.685
22,14,26.265
22,15,24.46
22,16,19.625
22,17,13.1
22,18,6.205
22,19,1.395
22,20,0
22,21,0
22,22,0
22,23,0
23,0,0
23,1,0
23,2,0
23,3,0
23,4,0
23,5,0
23,6,0
23,7,0.225
23,8,4.64
23,9,10.56
23,10,16.36
23,11,22.79
23,12,25.925
23,13,28.685
23,14,26.265
23,15,24.46
23,16,19.625
23,17,13.1
23,18,6.205
23,19,1.395
23,20,0
23,21,0
23,22,0
23,23,0
24,0,0
24,1,0
24,2,0
24,3,0
24,4,0
24,5,0
24,6,0
24,7,0.225
24,8,4.64
24,9,10.56
24,10,16.36
24,11,22.79
24,12,25.925
24,13,28.685
24,14,26.265
24,15,24.46
24,16,19.625
24,17,13.1
24,18,6.205
24,19,1.395
24,20,0
24,21,0
24,22,0
24,23,0
25,0,0
25,1,0
25,2,0
25,3,0
25,4,0
25,5,0
25,6,0
25,7,0.225
25,8,4.64
25,9,10.56
25,10,16.36
25,11,22.79
25,12,25.925
25,13,28.685
25,14,26.265
25,15,24.46
25,16,19.625
25,17,13.1
25,18,6.205
25,19,1.395
25,20,0
25,21,0
25,22,0
25,23,0
26,0,0
26,1,0
26,2,0
26,3,0
26,4,0
26,5,0
26,6,0
26,7,0.225
26,8,4.64
26,9,10.56
26,10,16.36
26,11,22.79
26,12,25.925
26,13,28.685
26,14,26.265
26,15,24.46
26,16,19.625
26,17,13.1
26,18,6.205
26,19,1.395
26,20,0
26,21,0
26,22,0
26,23,0
27,0,0
27,1,0
27,2,0
27,3,0
27,4,0
27,5,0
27,6,0
27,7,0.225
27,8,4.64
27,9,10.56
27,10,16.36
27,11,22.79
27,12,25.925
27,13,28.685
27,14,26.265
27,15,24.46
27,16,19.625
27,17,13.1
27,18,6.205
27,19,1.395
27,20,0
27,21,0
27,22,0
27,23,0
28,0,0
28,1,0
28,2,0
28,3,0
28,4,0
28,5,0
28,6,0
28,7,0.225
28,8,4.64
28,9,10.56
28,10,16.36
28,11,22.79
28,12,25.925
28,13,28.685
28,14,26.265
28,15,24.46
28,16,19.625
28,17,13.1
28,18,6.205
28,19,1.395
28,20,0
28,21,0
28,22,0
28,23,0
29,0,0
29,1,0
29,2,0
29,3,0
29,4,0
29,5,0
29,6,0
29,7,0.225
29,8,4.64
29,9,10.56
29,10,16.36
29,11,22.79
29,12,25.925
29,13,28.685
29,14,26.265
29,15,24.46
29,16,19.625
29,17,13.1
29,18,6.205
29,19,1.395
29,20,0
29,21,0
29,22,0
29,23,0
30,0,0
30,1,0
30,2,0
30,3,0
30,4,0
30,5,0
30,6,0
30,7,0.225
30,8,4.64
30,9,10.56
30,10,16.36
30,11,22.79
30,12,25.925
30,13,28.685
30,14,26.265
30,15,24.46
30,16,19.625
30,17,13.1
30,18,6.205
30,19,1.395
30,20,0
30,21,0
30,22,0
30,23,0
31,0,0
31,1,0
31,2,0
31,3,0
31,4,0
31,5,0
31,6,0
31,7,0.225
31,8,4.64
31,9,10.56
31,10,16.36
31,11,22.79
31,12,25.925
31,13,28.685
31,14,26.265
31,15,24.46
31,16,19.625
31,17,13.1
31,18,6.205
31,19,1.395
31,20,0
31,21,0
31,22,0
31,23,0
1,0,0
1,1,0
1,2,0
1,3,0
1,4,0
1,5,0
1,6,0
1,7,0.015
1,8,5.675
1,9,14.675
1,10,22.565
1,11,28.375
1,12,32.63
1,13,35.13
1,14,33.46
1,15,28.97
1,16,21.955
1,17,13.455
1,18,5.175
1,19,0.05
1,20,0
1,21,0
1,22,0
1,23,0
2,0,0
2,1,0
2,2,0
2,3,0
2,4,0
2,5,0
2,6,0
2,7,0.015
2,8,5.675
2,9,14.675
2,10,22.565
2,11,28.375
2,12,32.63
2,13,35.13
2,14,33.46
2,15,28.97
2,16,21.955
2,17,13.455
2,18,5.175
2,19,0.05
2,20,0
2,21,0
2,22,0
2,23,0
3,0,0
3,1,0
3,2,0
3,3,0
3,4,0
3,5,0
3,6,0
3,7,0.015
3,8,5.675
3,9,14.675
3,10,22.565
3,11,28.375
3,12,32.63
3,13,35.13
3,14,33.46
3,15,28.97
3,16,21.955
3,17,13.455
3,18,5.175
3,19,0.05
3,20,0
3,21,0
3,22,0
3,23,0
4,0,0
4,1,0
4,2,0
4,3,0
4,4,0
4,5,0
4,6,0
4,7,0.015
4,8,5.675
4,9,14.675
4,10,22.565
4,11,28.375
4,12,32.63
4,13,35.13
4,14,33.46
4,15,28.97
4,16,21.955
4,17,13.455
4,18,5.175
4,19,0.05
4,20,0
4,21,0
4,22,0
4,23,0
5,0,0
5,1,0
5,2,0
5,3,0
5,4,0
5,5,0
5,6,0
5,7,0.015
5,8,5.675
5,9,14.675
5,10,22.565
5,11,28.375
5,12,32.63
5,13,35.13
5,14,33.46
5,15,28.97
5,16,21.955
5,17,13.455
5,18,5.175
5,19,0.05
5,20,0
5,21,0
5,22,0
5,23,0
6,0,0
6,1,0
6,2,0
6,3,0
6,4,0
6,5,0
6,6,0
6,7,0.015
6,8,5.675
6,9,14.675
6,10,22.565
6,11,28.375
6,12,32.63
6,13,35.13
6,14,33.46
6,15,28.97
6,16,21.955
6,17,13.455
6,18,5.175
6,19,0.05
6,20,0
6,21,0
6,22,0
6,23,0
7,0,0
7,1,0
7,2,0
7,3,0
7,4,0
7,5,0
7,6,0
7,7,0.015
7,8,5.675
7,9,14.675
7,10,22.565
7,11,28.375
7,12,32.63
7,13,35.13
7,14,33.46
7,15,28.97
7,16,21.955
7,17,13.455
7,18,5.175
7,19,0.05
7,20,0
7,21,0
7,22,0
7,23,0
8,0,0
8,1,0
8,2,0
8,3,0
8,4,0
8,5,0
8,6,0
8,7,0.015
8,8,5.675
8,9,14.675
8,10,22.565
8,11,28.375
8,12,32.63
8,13,35.13
8,14,33.46
8,15,28.97
8,16,21.955
8,17,13.455
8,18,5.175
8,19,0.05
8,20,0
8,21,0
8,22,0
8,23,0
9,0,0
9,1,0
9,2,0
9,3,0
9,4,0
9,5,0
9,6,0
9,7,0.015
9,8,5.675
9,9,14.675
9,10,22.565
9,11,28.375
9,12,32.63
9,13,35.13
9,14,33.46
9,15,28.97
9,16,21.955
9,17,13.455
9,18,5.175
9,19,0.05
9,20,0
9,21,0
9,22,0
9,23,0
10,0,0
10,1,0
10,2,0
10,3,0
10,4,0
10,5,0
10,6,0
10,7,0.015
10,8,5.675
10,9,14.675
10,10,22.565
10,11,28.375
10,12,32.63
10,13,35.13
10,14,33.46
10,15,28.97
10,16,21.955
10,17,13.455
10,18,5.175
10,19,0.05
10,20,0
10,21,0
10,22,0
10,23,0
11,0,0
11,1,0
11,2,0
11,3,0
11,4,0
11,5,0
11,6,0
11,7,0.015
11,8,5.675
11,9,14.675
11,10,22.565
11,11,28.375
11,12,32.63
11,13,35.13
11,14,33.46
11,15,28.97
11,16,21.955
11,17,13.455
11,18,5.175
11,19,0.05
11,20,0
11,21,0
11,22,0
11,23,0
12,0,0
12,1,0
12,2,0
12,3,0
12,4,0
12,5,0
12,6,0
12,7,0.015
12,8,5.675
12,9,14.675
12,10,22.565
12,11,28.375
12,12,32.63
12,13,35.13
12,14,33.46
12,15,28.97
12,16,21.955
12,17,13.455
12,18,5.175
12,19,0.05
12,20,0
12,21,0
12,22,0
12,23,0
13,0,0
13,1,0
13,2,0
13,3,0
13,4,0
13,5,0
13,6,0
13,7,0.015
13,8,5.675
13,9,14.675
13,10,22.565
13,11,28.375
13,12,32.63
13,13,35.13
13,14,33.46
13,15,28.97
13,16,21.955
13,17,13.455
13,18,5.175
13,19,0.05
13,20,0
13,21,0
13,22,0
13,23,0
14,0,0
14,1,0
14,2,0
14,3,0
14,4,0
14,5,0
14,6,0
14,7,0.015
14,8,5.675
14,9,14.675
14,10,22.565
14,11,28.375
14,12,32.63
14,13,35.13
14,14,33.46
14,15,28.97
14,16,21.955
14,17,13.455
14,18,5.175
14,19,0.05
14,20,0
14,21,0
14,22,0
14,23,0
15,0,0
15,1,0
15,2,0
15,3,0
15,4,0
15,5,0
15,6,0
15,7,0.015
15,8,5.675
15,9,14.675
15,10,22.565
15,11,28.375
15,12,32.63
15,13,35.13
15,14,33.46
15,15,28.97
15,16,21.955
15,17,13.455
15,18,5.175
15,19,0.05
15,20,0
15,21,0
15,22,0
15,23,0
16,0,0
16,1,0
16,2,0
16,3,0
16,4,0
16,5,0
16,6,0
16,7,0.015
16,8,5.675
16,9,14.675
16,10,22.565
16,11,28.375
16,12,32.63
16,13,35.13
16,14,33.46
16,15,28.97
16,16,21.955
16,17,13.455
16,18,5.175
16,19,0.05
16,20,0
16,21,0
16,22,0
16,23,0
17,0,0
17,1,0
17,2,0
17,3,0
17,4,0
17,5,0
17,6,0
17,7,0.015
17,8,5.675
17,9,14.675
17,10,22.565
17,11,28.375
17,12,32.63
17,13,35.13
17,14,33.46
17,15,28.97
17,16,21.955
17,17,13.455
17,18,5.175
17,19,0.05
17,20,0
17,21,0
17,22,0
17,23,0
18,0,0
18,1,0
18,2,0
18,3,0
18,4,0
18,5,0
18,6,0
18,7,0.015
18,8,5.675
18,9,14.675
18,10,22.565
18,11,28.375
18,12,32.63
18,13,35.13
18,14,33.46
18,15,28.97
18,16,21.955
18,17,13.455
18,18,5.175
18,19,0.05
18,20,0
18,21,0
18,22,0
18,23,0
19,0,0
19,1,0
19,2,0
19,3,0
19,4,0
19,5,0
19,6,0
19,7,0.015
19,8,5.675
19,9,14.675
19,10,22.565
19,11,28.375
19,12,32.63
19,13,35.13
19,14,33.46
19,15,28.97
19,16,21.955
19,17,13.455
19,18,5.175
19,19,0.05
19,20,0
19,21,0
19,22,0
19,23,0
20,0,0
20,1,0
20,2,0
20,3,0
20,4,0
20,5,0
20,6,0
20,7,0.015
20,8,5.675
20,9,14.675
20,10,22.565
20,11,28.375
20,12,32.63
20,13,35.13
20,14,33.46
20,15,28.97
20,16,21.955
20,17,13.455
20,18,5.175
20,19,0.05
20,20,0
20,21,0
20,22,0
20,23,0
21,0,0
21,1,0
21,2,0
21,3,0
21,4,0
21,5,0
21,6,0
21,7,0.015
21,8,5.675
21,9,14.675
21,10,22.565
21,11,28.375
21,12,32.63
21,13,35.13
21,14,33.46
21,15,28.97
21,16,21.955
21,17,13.455
21,18,5.175
21,19,0.05
21,20,0
21,21,0
21,22,0
21,23,0
22,0,0
22,1,0
22,2,0
22,3,0
22,4,0
22,5,0
22,6,0
22,7,0.015
22,8,5.675
22,9,14.675
22,10,22.565
22,11,28.375
22,12,32.63
22,13,35.13
22,14,33.46
22,15,28.97
22,16,21.955
22,17,13.455
22,18,5.175
22,19,0.05
22,20,0
22,21,0
22,22,0
22,23,0
23,0,0
23,1,0
23,2,0
23,3,0
23,4,0
23,5,0
23,6,0
23,7,0.015
23,8,5.675
23,9,14.675
23,10,22.565
23,11,28.375
23,12,32.63
23,13,35.13
23,14,33.46
23,15,28.97
23,16,21.955
23,17,13.455
23,18,5.175
23,19,0.05
23,20,0
23,21,0
23,22,0
23,23,0
24,0,0
24,1,0
24,2,0
24,3,0
24,4,0
24,5,0
24,6,0
24,7,0.015
24,8,5.675
24,9,14.675
24,10,22.565
24,11,28.375
24,12,32.63
24,13,35.13
24,14,33.46
24,15,28.97
24,16,21.955
24,17,13.455
24,18,5.175
24,19,0.05
24,20,0
24,21,0
24,22,0
24,23,0
25,0,0
25,1,0
25,2,0
25,3,0
25,4,0
25,5,0
25,6,0
25,7,0.015
25,8,5.675
25,9,14.675
25,10,22.565
25,11,28.375
25,12,32.63
25,13,35.13
25,14,33.46
25,15,28.97
25,16,21.955
25,17,13.455
25,18,5.175
25,19,0.05
25,20,0
25,21,0
25,22,0
25,23,0
26,0,0
26,1,0
26,2,0
26,3,0
26,4,0
26,5,0
26,6,0
26,7,0.015
26,8,5.675
26,9,14.675
26,10,22.565
26,11,28.375
26,12,32.63
26,13,35.13
26,14,33.46
26,15,28.97
26,16,21.955
26,17,13.455
26,18,5.175
26,19,0.05
26,20,0
26,21,0
26,22,0
26,23,0
27,0,0
27,1,0
27,2,0
27,3,0
27,4,0
27,5,0
27,6,0
27,7,0.015
27,8,5.675
27,9,14.675
27,10,22.565
27,11,28.375
27,12,32.63
27,13,35.13
27,14,33.46
27,15,28.97
27,16,21.955
27,17,13.455
27,18,5.175
27,19,0.05
27,20,0
27,21,0
27,22,0
27,23,0
28,0,0
28,1,0
28,2,0
28,3,0
28,4,0
28,5,0
28,6,0
28,7,0.015
28,8,5.675
28,9,14.675
28,10,22.565
28,11,28.375
28,12,32.63
28,13,35.13
28,14,33.46
28,15,28.97
28,16,21.955
28,17,13.455
28,18,5.175
28,19,0.05
28,20,0
28,21,0
28,22,0
28,23,0
29,0,0
29,1,0
29,2,0
29,3,0
29,4,0
29,5,0
29,6,0
29,7,0.015
29,8,5.675
29,9,14.675
29,10,22.565
29,11,28.375
29,12,32.63
29,13,35.13
29,14,33.46
29,15,28.97
29,16,21.955
29,17,13.455
29,18,5.175
29,19,0.05
29,20,0
29,21,0
29,22,0
29,23,0
30,0,0
30,1,0
30,2,0
30,3,0
30,4,0
30,5,0
30,6,0
30,7,0.015
30,8,5.675
30,9,14.675
30,10,22.565
30,11,28.375
30,12,32.63
30,13,35.13
30,14,33.46
30,15,28.97
30,16,21.955
30,17,13.455
30,18,5.175
30,19,0.05
30,20,0
30,21,0
30,22,0
30,23,0
1,0,0
1,1,0
1,2,0
1,3,0
1,4,0
1,5,0
1,6,0
1,7,0
1,8,5.635
1,9,15.31
1,10,24.855
1,11,31.99
1,12,35.48
1,13,35.945
1,14,33.76
1,15,27.945
1,16,20.49
1,17,11.205
1,18,2.105
1,19,0
1,20,0
1,21,0
1,22,0
1,23,0
2,0,0
2,1,0
2,2,0
2,3,0
2,4,0
2,5,0
2,6,0
2,7,0
2,8,5.635
2,9,15.31
2,10,24.855
2,11,31.99
2,12,35.48
2,13,35.945
2,14,33.76
2,15,27.945
2,16,20.49
2,17,11.205
2,18,2.105
2,19,0
2,20,0
2,21,0
2,22,0
2,23,0
3,0,0
3,1,0
3,2,0
3,3,0
3,4,0
3,5,0
3,6,0
3,7,0
3,8,5.635
3,9,15.31
3,10,24.855
3,11,31.99
3,12,35.48
3,13,35.945
3,14,33.76
3,15,27.945
3,16,20.49
3,17,11.205
3,18,2.105
3,19,0
3,20,0
3,21,0
3,22,0
3,23,0
4,0,0
4,1,0
4,2,0
4,3,0
4,4,0
4,5,0
4,6,0
4,7,0
4,8,5.635
4,9,15.31
4,10,24.855
4,11,31.99
4,12,35.48
4,13,35.945
4,14,33.76
4,15,27.945
4,16,20.49
4,17,11.205
4,18,2.105
4,19,0
4,20,0
4,21,0
4,22,0
4,23,0
5,0,0
5,1,0
5,2,0
5,3,0
5,4,0
5,5,0
5,6,0
5,7,0
5,8,5.635
5,9,15.31
5,10,24.855
5,11,31.99
5,12,35.48
5,13,35.945
5,14,33.76
5,15,27.945
5,16,20.49
5,17,11.205
5,18,2.105
5,19,0
5,20,0
5,21,0
5,22,0
5,23,0
6,0,0
6,1,0
6,2,0
6,3,0
6,4,0
6,5,0
6,6,0
6,7,0
6,8,5.635
6,9,15.31
6,10,24.855
6,11,31.99
6,12,35.48
6,13,35.945
6,14,33.76
6,15,27.945
6,16,20.49
6,17,11.205
6,18,2.105
6,19,0
6,20,0
6,21,0
6,22,0
6,23,0
7,0,0
7,1,0
7,2,0
7,3,0
7,4,0
7,5,0
7,6,0
7,7,0
7,8,5.635
7,9,15.31
7,10,24.855
7,11,31.99
7,12,35.48
7,13,35.945
7,14,33.76
7,15,27.945
7,16,20.49
7,17,11.205
7,18,2.105
7,19,0
7,20,0
7,21,0
7,22,0
7,23,0
8,0,0
8,1,0
8,2,0
8,3,0
8,4,0
8,5,0
8,6,0
8,7,0
8,8,5.635
8,9,15.31
8,10,24.855
8,11,31.99
8,12,35.48
8,13,35.945
8,14,33.76
8,15,27.945
8,16,20.49
8,17,11.205
8,18,2.105
8,19,0
8,20,0
8,21,0
8,22,0
8,23,0
9,0,0
9,1,0
9,2,0
9,3,0
9,4,0
9,5,0
9,6,0
9,7,0
9,8,5.635
9,9,15.31
9,10,24.855
9,11,31.99
9,12,35.48
9,13,35.945
9,14,33.76
9,15,27.945
9,16,20.49
9,17,11.205
9,18,2.105
9,19,0
9,20,0
9,21,0
9,22,0
9,23,0
10,0,0
10,1,0
10,2,0
10,3,0
10,4,0
10,5,0
10,6,0
10,7,0
10,8,5.635
10,9,15.31
10,10,24.855
10,11,31.99
10,12,35.48
10,13,35.945
10,14,33.76
10,15,27.945
10,16,20.49
10,17,11.205
10,18,2.105
10,19,0
10,20,0
10,21,0
10,22,0
10,23,0
11,0,0
11,1,0
11,2,0
11,3,0
11,4,0
11,5,0
11,6,0
11,7,0
11,8,5.635
11,9,15.31
11,10,24.855
11,11,31.99
11,12,35.48
11,13,35.945
11,14,33.76
11,15,27.945
11,16,20.49
11,17,11.205
11,18,2.105
11,19,0
11,20,0
11,21,0
11,22,0
11,23,0
12,0,0
12,1,0
12,2,0
12,3,0
12,4,0
12,5,0
12,6,0
12,7,0
12,8,5.635
12,9,15.31
12,10,24.855
12,11,31.99
12,12,35.48
12,13,35.945
12,14,33.76
12,15,27.945
12,16,20.49
12,17,11.205
12,18,2.105
12,19,0
12,20,0
12,21,0
12,22,0
12,23,0
13,0,0
13,1,0
13,2,0
13,3,0
13,4,0
13,5,0
13,6,0
13,7,0
13,8,5.635
13,9,15.31
13,10,24.855
13,11,31.99
13,12,35.48
13,13,35.945
13,14,33.76
13,15,27.945
13,16,20.49
13,17,11.205
13,18,2.105
13,19,0
13,20,0
13,21,0
13,22,0
13,23,0
14,0,0
14,1,0
14,2,0
14,3,0
14,4,0
14,5,0
14,6,0
14,7,0
14,8,5.635
14,9,15.31
14,10,24.855
14,11,31.99
14,12,35.48
14,13,35.945
14,14,33.76
14,15,27.945
14,16,20.49
14,17,11.205
14,18,2.105
14,19,0
14,20,0
14,21,0
14,22,0
14,23,0
15,0,0
15,1,0
15,2,0
15,3,0
15,4,0
15,5,0
15,6,0
15,7,0
15,8,5.635
15,9,15.31
15,10,24.855
15,11,31.99
15,12,35.48
15,13,35.945
15,14,33.76
15,15,27.945
15,16,20.49
15,17,11.205
15,18,2.105
15,19,0
15,20,0
15,21,0
15,22,0
15,23,0
16,0,0
16,1,0
16,2,0
16,3,0
16,4,0
16,5,0
16,6,0
16,7,0
16,8,5.635
16,9,15.31
16,10,24.855
16,11,31.99
16,12,35.48
16,13,35.945
16,14,33.76
16,15,27.945
16,16,20.49
16,17,11.205
16,18,2.105
16,19,0
16,20,0
16,21,0
16,22,0
16,23,0
17,0,0
17,1,0
17,2,0
17,3,0
17,4,0
17,5,0
17,6,0
17,7,0
17,8,5.635
17,9,15.31
17,10,24.855
17,11,31.99
17,12,35.48
17,13,35.945
17,14,33.76
17,15,27.945
17,16,20.49
17,17,11.205
17,18,2.105
17,19,0
17,20,0
17,21,0
17,22,0
17,23,0
18,0,0
18,1,0
18,2,0
18,3,0
18,4,0
18,5,0
18,6,0
18,7,0
18,8,5.635
18,9,15.31
18,10,24.855
18,11,31.99
18,12,35.48
18,13,35.945
18,14,33.76
18,15,27.945
18,16,20.49
18,17,11.205
18,18,2.105
18,19,0
18,20,0
18,21,0
18,22,0
18,23,0
19,0,0
19,1,0
19,2,0
19,3,0
19,4,0
19,5,0
19,6,0
19,7,0
19,8,5.635
19,9,15.31
19,10,24.855
19,11,31.99
19,12,35.48
19,13,35.945
19,14,33.76
19,15,27.945
19,16,20.49
19,17,11.205
19,18,2.105
19,19,0
19,20,0
19,21,0
19,22,0
19,23,0
20,0,0
20,1,0
20,2,0
20,3,0
20,4,0
20,5,0
20,6,0
20,7,0
20,8,5.635
20,9,15.31
20,10,24.855
20,11,31.99
20,12,35.48
20,13,35.945
20,14,33.76
20,15,27.945
20,16,20.49
20,17,11.205
20,18,2.105
20,19,0
20,20,0
20,21,0
20,22,0
20,23,0
21,0,0
21,1,0
21,2,0
21,3,0
21,4,0
21,5,0
21,6,0
21,7,0
21,8,5.635
21,9,15.31
21,10,24.855
21,11,31.99
21,12,35.48
21,13,35.945
21,14,33.76
21,15,27.945
21,16,20.49
21,17,11.205
21,18,2.105
21,19,0
21,20,0
21,21,0
21,22,0
21,23,0
22,0,0
22,1,0
22,2,0
22,3,0
22,4,0
22,5,0
22,6,0
22,7,0
22,8,5.635
22,9,15.31
22,10,24.855
22,11,31.99
22,12,35.48
22,13,35.945
22,14,33.76
22,15,27.945
22,16,20.49
22,17,11.205
22,18,2.105
22,19,0
22,20,0
22,21,0
22,22,0
22,23,0
23,0,0
23,1,0
23,2,0
23,3,0
23,4,0
23,5,0
23,6,0
23,7,0
23,8,5.635
23,9,15.31
23,10,24.855
23,11,31.99
23,12,35.48
23,13,35.945
23,14,33.76
23,15,27.945
23,16,20.49
23,17,11.205
23,18,2.105
23,19,0
23,20,0
23,21,0
23,22,0
23,23,0
24,0,0
24,1,0
24,2,0
24,3,0
24,4,0
24,5,0
24,6,0
24,7,0
24,8,5.635
24,9,15.31
24,10,24.855
24,11,31.99
24,12,35.48
24,13,35.945
24,14,33.76
24,15,27.945
24,16,20.49
24,17,11.205
24,18,2.105
24,19,0
24,20,0
24,21,0
24,22,0
24,23,0
25,0,0
25,1,0
25,2,0
25,3,0
25,4,0
25,5,0
25,6,0
25,7,0
25,8,5.635
25,9,15.31
25,10,24.855
25,11,31.99
25,12,35.48
25,13,35.945
25,14,33.76
25,15,27.945
25,16,20.49
25,17,11.205
25,18,2.105
25,19,0
25,20,0
25,21,0
25,22,0
25,23,0
26,0,0
26,1,0
26,2,0
26,3,0
26,4,0
26,5,0
26,6,0
26,7,0
26,8,5.635
26,9,15.31
26,10,24.855
26,11,31.99
26,12,35.48
26,13,35.945
26,14,33.76
26,15,27.945
26,16,20.49
26,17,11.205
26,18,2.105
26,19,0
26,20,0
26,21,0
26,22,0
26,23,0
27,0,0
27,1,0
27,2,0
27,3,0
27,4,0
27,5,0
27,6,0
27,7,0
27,8,5.635
27,9,15.31
27,10,24.855
27,11,31.99
27,12,35.48
27,13,35.945
27,14,33.76
27,15,27.945
27,16,20.49
27,17,11.205
27,18,2.105
27,19,0
27,20,0
27,21,0
27,22,0
27,23,0
28,0,0
28,1,0
28,2,0
28,3,0
28,4,0
28,5,0
28,6,0
28,7,0
28,8,5.635
28,9,15.31
28,10,24.855
28,11,31.99
28,12,35.48
28,13,35.945
28,14,33.76
28,15,27.945
28,16,20.49
28,17,11.205
28,18,2.105
28,19,0
28,20,0
28,21,0
28,22,0
28,23,0
29,0,0
29,1,0
29,2,0
29,3,0
29,4,0
29,5,0
29,6,0
29,7,0
29,8,5.635
29,9,15.31
29,10,24.855
29,11,31.99
29,12,35.48
29,13,35.945
29,14,33.76
29,15,27.945
29,16,20.49
29,17,11.205
29,18,2.105
29,19,0
29,20,0
29,21,0
29,22,0
29,23,0
30,0,0
30,1,0
30,2,0
30,3,0
30,4,0
30,5,0
30,6,0
30,7,0
30,8,5.635
30,9,15.31
30,10,24.855
30,11,31.99
30,12,35.48
30,13,35.945
30,14,33.76
30,15,27.945
30,16,20.49
30,17,11.205
30,18,2.105
30,19,0
30,20,0
30,21,0
30,22,0
30,23,0
31,0,0
31,1,0
31,2,0
31,3,0
31,4,0
31,5,0
31,6,0
31,7,0
31,8,5.635
31,9,15.31
31,10,24.855
31,11,31.99
31,12,35.48
31,13,35.945
31,14,33.76
31,15,27.945
31,16,20.49
31,17,11.205
31,18,2.105
31,19,0
31,20,0
31,21,0
31,22,0
31,23,0
1,0,0
1,1,0
1,2,0
1,3,0
1,4,0
1,5,0
1,6,0
1,7,0
1,8,3.325
1,9,14.15
1,10,23.495
1,11,30.595
1,12,35.07
1,13,36.165
1,14,33.94
1,15,28.72
1,16,20.675
1,17,10.205
1,18,0.075
1,19,0
1,20,0
1,21,0
1,22,0
1,23,0
2,0,0
2,1,0
2,2,0
2,3,0
2,4,0
2,5,0
2,6,0
2,7,0
2,8,3.325
2,9,14.15
2,10,23.495
2,11,30.595
2,12,35.07
2,13,36.165
2,14,33.94
2,15,28.72
2,16,20.675
2,17,10.205
2,18,0.075
2,19,0
2,20,0
2,21,0
2,22,0
2,23,0
3,0,0
3,1,0
3,2,0
3,3,0
3,4,0
3,5,0
3,6,0
3,7,0
3,8,3.325
3,9,14.15
3,10,23.495
3,11,30.595
3,12,35.07
3,13,36.165
3,14,33.94
3,15,28.72
3,16,20.675
3,17,10.205
3,18,0.075
3,19,0
3,20,0
3,21,0
3,22,0
3,23,0
4,0,0
4,1,0
4,2,0
4,3,0
4,4,0
4,5,0
4,6,0
4,7,0
4,8,3.325
4,9,14.15
4,10,23.495
4,11,30.595
4,12,35.07
4,13,36.165
4,14,33.94
4,15,28.72
4,16,20.675
4,17,10.205
4,18,0.075
4,19,0
4,20,0
4,21,0
4,22,0
4,23,0
5,0,0
5,1,0
5,2,0
5,3,0
5,4,0
5,5,0
5,6,0
5,7,0
5,8,3.325
5,9,14.15
5,10,23.495
5,11,30.595
5,12,35.07
5,13,36.165
5,14,33.94
5,15,28.72
5,16,20.675
5,17,10.205
5,18,0.075
5,19,0
5,20,0
5,21,0
5,22,0
5,23,0
6,0,0
6,1,0
6,2,0
6,3,0
6,4,0
6,5,0
6,6,0
6,7,0
6,8,3.325
6,9,14.15
6,10,23.495
6,11,30.595
6,12,35.07
6,13,36.165
6,14,33.94
6,15,28.72
6,16,20.675
6,17,10.205
6,18,0.075
6,19,0
6,20,0
6,21,0
6,22,0
6,23,0
7,0,0
7,1,0
7,2,0
7,3,0
7,4,0
7,5,0
7,6,0
7,7,0
7,8,3.325
7,9,14.15
7,10,23.495
7,11,30.595
7,12,35.07
7,13,36.165
7,14,33.94
7,15,28.72
7,16,20.675
7,17,10.205
7,18,0.075
7,19,0
7,20,0
7,21,0
7,22,0
7,23,0
8,0,0
8,1,0
8,2,0
8,3,0
8,4,0
8,5,0
8,6,0
8,7,0
8,8,3.325
8,9,14.15
8,10,23.495
8,11,30.595
8,12,35.07
8,13,36.165
8,14,33.94
8,15,28.72
8,16,20.675
8,17,10.205
8,18,0.075
8,19,0
8,20,0
8,21,0
8,22,0
8,23,0
9,0,0
9,1,0
9,2,0
9,3,0
9,4,0
9,5,0
9,6,0
9,7,0
9,8,3.325
9,9,14.15
9,10,23.495
9,11,30.595
9,12,35.07
9,13,36.165
9,14,33.94
9,15,28.72
9,16,20.675
9,17,10.205
9,18,0.075
9,19,0
9,20,0
9,21,0
9,22,0
9,23,0
10,0,0
10,1,0
10,2,0
10,3,0
10,4,0
10,5,0
10,6,0
10,7,0
10,8,3.325
10,9,14.15
10,10,23.495
10,11,30.595
10,12,35.07
10,13,36.165
10,14,33.94
10,15,28.72
10,16,20.675
10,17,10.205
10,18,0.075
10,19,0
10,20,0
10,21,0
10,22,0
10,23,0
11,0,0
11,1,0
11,2,0
11,3,0
11,4,0
11,5,0
11,6,0
11,7,0
11,8,3.325
11,9,14.15
11,10,23.495
11,11,30.595
11,12,35.07
11,13,36.165
11,14,33.94
11,15,28.72
11,16,20.675
11,17,10.205
11,18,0.075
11,19,0
11,20,0
11,21,0
11,22,0
11,23,0
12,0,0
12,1,0
12,2,0
12,3,0
12,4,0
12,5,0
12,6,0
12,7,0
12,8,3.325
12,9,14.15
12,10,23.495
12,11,30.595
12,12,35.07
12,13,36.165
12,14,33.94
12,15,28.72
12,16,20.675
12,17,10.205
12,18,0.075
12,19,0
12,20,0
12,21,0
12,22,0
12,23,0
13,0,0
13,1,0
13,2,0
13,3,0
13,4,0
13,5,0
13,6,0
13,7,0
13,8,3.325
13,9,14.15
13,10,23.495
13,11,30.595
13,12,35.07
13,13,36.165
13,14,33.94
13,15,28.72
13,16,20.675
13,17,10.205
13,18,0.075
13,19,0
13,20,0
13,21,0
13,22,0
13,23,0
14,0,0
14,1,0
14,2,0
14,3,0
14,4,0
14,5,0
14,6,0
14,7,0
14,8,3.325
14,9,14.15
14,10,23.495
14,11,30.595
14,12,35.07
14,13,36.165
14,14,33.94
14,15,28.72
14,16,20.675
14,17,10.205
14,18,0.075
14,19,0
14,20,0
14,21,0
14,22,0
14,23,0
15,0,0
15,1,0
15,2,0
15,3,0
15,4,0
15,5,0
15,6,0
15,7,0
15,8,3.325
15,9,14.15
15,10,23.495
15,11,30.595
15,12,35.07
15,13,36.165
15,14,33.94
15,15,28.72
15,16,20.675
15,17,10.205
15,18,0.075
15,19,0
15,20,0
15,21,0
15,22,0
15,23,0
16,0,0
16,1,0
16,2,0
16,3,0
16,4,0
16,5,0
16,6,0
16,7,0
16,8,3.325
16,9,14.15
16,10,23.495
16,11,30.595
16,12,35.07
16,13,36.165
16,14,33.94
16,15,28.72
16,16,20.675
16,17,10.205
16,18,0.075
16,19,0
16,20,0
16,21,0
16,22,0
16,23,0
17,0,0
17,1,0
17,2,0
17,3,0
17,4,0
17,5,0
17,6,0
17,7,0
17,8,3.325
17,9,14.15
17,10,23.495
17,11,30.595
17,12,35.07
17,13,36.165
17,14,33.94
17,15,28.72
17,16,20.675
17,17,10.205
17,18,0.075
17,19,0
17,20,0
17,21,0
17,22,0
17,23,0
18,0,0
18,1,0
18,2,0
18,3,0
18,4,0
18,5,0
18,6,0
18,7,0
18,8,3.325
18,9,14.15
18,10,23.495
18,11,30.595
18,12,35.07
18,13,36.165
18,14,33.94
18,15,28.72
18,16,20.675
18,17,10.205
18,18,0.075
18,19,0
18,20,0
18,21,0
18,22,0
18,23,0
19,0,0
19,1,0
19,2,0
19,3,0
19,4,0
19,5,0
19,6,0
19,7,0
19,8,3.325
19,9,14.15
19,10,23.495
19,11,30.595
19,12,35.07
19,13,36.165
19,14,33.94
19,15,28.72
19,16,20.675
19,17,10.205
19,18,0.075
19,19,0
19,20,0
19,21,0
19,22,0
19,23,0
20,0,0
20,1,0
20,2,0
20,3,0
20,4,0
20,5,0
20,6,0
20,7,0
20,8,3.325
20,9,14.15
20,10,23.495
20,11,30.595
20,12,35.07
20,13,36.165
20,14,33.94
20,15,28.72
20,16,20.675
20,17,10.205
20,18,0.075
20,19,0
20,20,0
20,21,0
20,22,0
20,23,0
21,0,0
21,1,0
21,2,0
21,3,0
21,4,0
21,5,0
21,6,0
21,7,0
21,8,3.325
21,9,14.15
21,10,23.495
21,11,30.595
21,12,35.07
21,13,36.165
21,14,33.94
21,15,28.72
21,16,20.675
21,17,10.205
21,18,0.075
21,19,0
21,20,0
21,21,0
21,22,0
21,23,0
22,0,0
22,1,0
22,2,0
22,3,0
22,4,0
22,5,0
22,6,0
22,7,0
22,8,3.325
22,9,14.15
22,10,23.495
22,11,30.595
22,12,35.07
22,13,36.165
22,14,33.94
22,15,28.72
22,16,20.675
22,17,10.205
22,18,0.075
22,19,0
22,20,0
22,21,0
22,22,0
22,23,0
23,0,0
23,1,0
23,2,0
23,3,0
23,4,0
23,5,0
23,6,0
23,7,0
23,8,3.325
23,9,14.15
23,10,23.495
23,11,30.595
23,12,35.07
23,13,36.165
23,14,33.94
23,15,28.72
23,16,20.675
23,17,10.205
23,18,0.075
23,19,0
23,20,0
23,21,0
23,22,0
23,23,0
24,0,0
24,1,0
24,2,0
24,3,0
24,4,0
24,5,0
24,6,0
24,7,0
24,8,3.325
24,9,14.15
24,10,23.495
24,11,30.595
24,12,35.07
24,13,36.165
24,14,33.94
24,15,28.72
24,16,20.675
24,17,10.205
24,18,0.075
24,19,0
24,20,0
24,21,0
24,22,0
24,23,0
25,0,0
25,1,0
25,2,0
25,3,0
25,4,0
25,5,0
25,6,0
25,7,0
25,8,3.325
25,9,14.15
25,10,23.495
25,11,30.595
25,12,35.07
25,13,36.165
25,14,33.94
25,15,28.72
25,16,20.675
25,17,10.205
25,18,0.075
25,19,0
25,20,0
25,21,0
25,22,0
25,23,0
26,0,0
26,1,0
26,2,0
26,3,0
26,4,0
26,5,0
26,6,0
26,7,0
26,8,3.325
26,9,14.15
26,10,23.495
26,11,30.595
26,12,35.07
26,13,36.165
26,14,33.94
26,15,28.72
26,16,20.675
26,17,10.205
26,18,0.075
26,19,0
26,20,0
26,21,0
26,22,0
26,23,0
27,0,0
27,1,0
27,2,0
27,3,0
27,4,0
27,5,0
27,6,0
27,7,0
27,8,3.325
27,9,14.15
27,10,23.495
27,11,30.595
27,12,35.07
27,13,36.165
27,14,33.94
27,15,28.72
27,16,20.675
27,17,10.205
27,18,0.075
27,19,0
27,20,0
27,21,0
27,22,0
27,23,0
28,0,0
28,1,0
28,2,0
28,3,0
28,4,0
28,5,0
28,6,0
28,7,0
28,8,3.325
28,9,14.15
28,10,23.495
28,11,30.595
28,12,35.07
28,13,36.165
28,14,33.94
28,15,28.72
28,16,20.675
28,17,10.205
28,18,0.075
28,19,0
28,20,0
28,21,0
28,22,0
28,23,0
29,0,0
29,1,0
29,2,0
29,3,0
29,4,0
29,5,0
29,6,0
29,7,0
29,8,3.325
29,9,14.15
29,10,23.495
29,11,30.595
29,12,35.07
29,13,36.165
29,14,33.94
29,15,28.72
29,16,20.675
29,17,10.205
29,18,0.075
29,19,0
29,20,0
29,21,0
29,22,0
29,23,0
30,0,0
30,1,0
30,2,0
30,3,0
30,4,0
30,5,0
30,6,0
30,7,0
30,8,3.325
30,9,14.15
30,10,23.495
30,11,30.595
30,12,35.07
30,13,36.165
30,14,33.94
30,15,28.72
30,16,20.675
30,17,10.205
30,18,0.075
30,19,0
30,20,0
30,21,0
30,22,0
30,23,0
1,0,0
1,1,0
1,2,0
1,3,0
1,4,0
1,5,0
1,6,0
1,7,0
1,8,0.19
1,9,10.565
1,10,21.065
1,11,28.93
1,12,33.425
1,13,34.955
1,14,33.3
1,15,27.855
1,16,20.195
1,17,10.11
1,18,0.08
1,19,0
1,20,0
1,21,0
1,22,0
1,23,0
2,0,0
2,1,0
2,2,0
2,3,0
2,4,0
2,5,0
2,6,0
2,7,0
2,8,0.19
2,9,10.565
2,10,21.065
2,11,28.93
2,12,33.425
2,13,34.955
2,14,33.3
2,15,27.855
2,16,20.195
2,17,10.11
2,18,0.08
2,19,0
2,20,0
2,21,0
2,22,0
2,23,0
3,0,0
3,1,0
3,2,0
3,3,0
3,4,0
3,5,0
3,6,0
3,7,0
3,8,0.19
3,9,10.565
3,10,21.065
3,11,28.93
3,12,33.425
3,13,34.955
3,14,33.3
3,15,27.855
3,16,20.195
3,17,10.11
3,18,0.08
3,19,0
3,20,0
3,21,0
3,22,0
3,23,0
4,0,0
4,1,0
4,2,0
4,3,0
4,4,0
4,5,0
4,6,0
4,7,0
4,8,0.19
4,9,10.565
4,10,21.065
4,11,28.93
4,12,33.425
4,13,34.955
4,14,33.3
4,15,27.855
4,16,20.195
4,17,10.11
4,18,0.08
4,19,0
4,20,0
4,21,0
4,22,0
4,23,0
5,0,0
5,1,0
5,2,0
5,3,0
5,4,0
5,5,0
5,6,0
5,7,0
5,8,0.19
5,9,10.565
5,10,21.065
5,11,28.93
5,12,33.425
5,13,34.955
5,14,33.3
5,15,27.855
5,16,20.195
5,17,10.11
5,18,0.08
5,19,0
5,20,0
5,21,0
5,22,0
5,23,0
6,0,0
6,1,0
6,2,0
6,3,0
6,4,0
6,5,0
6,6,0
6,7,0
6,8,0.19
6,9,10.565
6,10,21.065
6,11,28.93
6,12,33.425
6,13,34.955
6,14,33.3
6,15,27.855
6,16,20.195
6,17,10.11
6,18,0.08
6,19,0
6,20,0
6,21,0
6,22,0
6,23,0
7,0,0
7,1,0
7,2,0
7,3,0
7,4,0
7,5,0
7,6,0
7,7,0
7,8,0.19
7,9,10.565
7,10,21.065
7,11,28.93
7,12,33.425
7,13,34.955
7,14,33.3
7,15,27.855
7,16,20.195
7,17,10.11
7,18,0.08
7,19,0
7,20,0
7,21,0
7,22,0
7,23,0
8,0,0
8,1,0
8,2,0
8,3,0
8,4,0
8,5,0
8,6,0
8,7,0
8,8,0.19
8,9,10.565
8,10,21.065
8,11,28.93
8,12,33.425
8,13,34.955
8,14,33.3
8,15,27.855
8,16,20.195
8,17,10.11
8,18,0.08
8,19,0
8,20,0
8,21,0
8,22,0
8,23,0
9,0,0
9,1,0
9,2,0
9,3,0
9,4,0
9,5,0
9,6,0
9,7,0
9,8,0.19
9,9,10.565
9,10,21.065
9,11,28.93
9,12,33.425
9,13,34.955
9,14,33.3
9,15,27.855
9,16,20.195
9,17,10.11
9,18,0.08
9,19,0
9,20,0
9,21,0
9,22,0
9,23,0
10,0,0
10,1,0
10,2,0
10,3,0
10,4,0
10,5,0
10,6,0
10,7,0
10,8,0.19
10,9,10.565
10,10,21.065
10,11,28.93
10,12,33.425
10,13,34.955
10,14,33.3
10,15,27.855
10,16,20.195
10,17,10.11
10,18,0.08
10,19,0
10,20,0
10,21,0
10,22,0
10,23,0
11,0,0
11,1,0
11,2,0
11,3,0
11,4,0
11,5,0
11,6,0
11,7,0
11,8,0.19
11,9,10.565
11,10,21.065
11,11,28.93
11,12,33.425
11,13,34.955
11,14,33.3
11,15,27.855
11,16,20.195
11,17,10.11
11,18,0.08
11,19,0
11,20,0
11,21,0
11,22,0
11,23,0
12,0,0
12,1,0
12,2,0
12,3,0
12,4,0
12,5,0
12,6,0
12,7,0
12,8,0.19
12,9,10.565
12,10,21.065
12,11,28.93
12,12,33.425
12,13,34.955
12,14,33.3
12,15,27.855
12,16,20.195
12,17,10.11
12,18,0.08
12,19,0
12,20,0
12,21,0
12,22,0
12,23,0
13,0,0
13,1,0
13,2,0
13,3,0
13,4,0
13,5,0
13,6,0
13,7,0
13,8,0.19
13,9,10.565
13,10,21.065
13,11,28.93
13,12,33.425
13,13,34.955
13,14,33.3
13,15,27.855
13,16,20.195
13,17,10.11
13,18,0.08
13,19,0
13,20,0
13,21,0
13,22,0
13,23,0
14,0,0
14,1,0
14,2,0
14,3,0
14,4,0
14,5,0
14,6,0
14,7,0
14,8,0.19
14,9,10.565
14,10,21.065
14,11,28.93
14,12,33.425
14,13,34.955
14,14,33.3
14,15,27.855
14,16,20.195
14,17,10.11
14,18,0.08
14,19,0
14,20,0
14,21,0
14,22,0
14,23,0
15,0,0
15,1,0
15,2,0
15,3,0
15,4,0
15,5,0
15,6,0
15,7,0
15,8,0.19
15,9,10.565
15,10,21.065
15,11,28.93
15,12,33.425
15,13,34.955
15,14,33.3
15,15,27.855
15,16,20.195
15,17,10.11
15,18,0.08
15,19,0
15,20,0
15,21,0
15,22,0
15,23,0
16,0,0
16,1,0
16,2,0
16,3,0
16,4,0
16,5,0
16,6,0
16,7,0
16,8,0.19
16,9,10.565
16,10,21.065
16,11,28.93
16,12,33.425
16,13,34.955
16,14,33.3
16,15,27.855
16,16,20.195
16,17,10.11
16,18,0.08
16,19,0
16,20,0
16,21,0
16,22,0
16,23,0
17,0,0
17,1,0
17,2,0
17,3,0
17,4,0
17,5,0
17,6,0
17,7,0
17,8,0.19
17,9,10.565
17,10,21.065
17,11,28.93
17,12,33.425
17,13,34.955
17,14,33.3
17,15,27.855
17,16,20.195
17,17,10.11
17,18,0.08
17,19,0
17,20,0
17,21,0
17,22,0
17,23,0
18,0,0
18,1,0
18,2,0
18,3,0
18,4,0
18,5,0
18,6,0
18,7,0
18,8,0.19
18,9,10.565
18,10,21.065
18,11,28.93
18,12,33.425
18,13,34.955
18,14,33.3
18,15,27.855
18,16,20.195
18,17,10.11
18,18,0.08
18,19,0
18,20,0
18,21,0
18,22,0
18,23,0
19,0,0
19,1,0
19,2,0
19,3,0
19,4,0
19,5,0
19,6,0
19,7,0
19,8,0.19
19,9,10.565
19,10,21.065
19,11,28.93
19,12,33.425
19,13,34.955
19,14,33.3
19,15,27.855
19,16,20.195
19,17,10.11
19,18,0.08
19,19,0
19,20,0
19,21,0
19,22,0
19,23,0
20,0,0
20,1,0
20,2,0
20,3,0
20,4,0
20,5,0
20,6,0
20,7,0
20,8,0.19
20,9,10.565
20,10,21.065
20,11,28.93
20,12,33.425
20,13,34.955
20,14,33.3
20,15,27.855
20,16,20.195
20,17,10.11
20,18,0.08
20,19,0
20,20,0
20,21,0
20,22,0
20,23,0
21,0,0
21,1,0
21,2,0
21,3,0
21,4,0
21,5,0
21,6,0
21,7,0
21,8,0.19
21,9,10.565
21,10,21.065
21,11,28.93
21,12,33.425
21,13,34.955
21,14,33.3
21,15,27.855
21,16,20.195
21,17,10.11
21,18,0.08
21,19,0
21,20,0
21,21,0
21,22,0
21,23,0
22,0,0
22,1,0
22,2,0
22,3,0
22,4,0
22,5,0
22,6,0
22,7,0
22,8,0.19
22,9,10.565
22,10,21.065
22,11,28.93
22,12,33.425
22,13,34.955
22,14,33.3
22,15,27.855
22,16,20.195
22,17,10.11
22,18,0.08
22,19,0
22,20,0
22,21,0
22,22,0
22,23,0
23,0,0
23,1,0
23,2,0
23,3,0
23,4,0
23,5,0
23,6,0
23,7,0
23,8,0.19
23,9,10.565
23,10,21.065
23,11,28.93
23,12,33.425
23,13,34.955
23,14,33.3
23,15,27.855
23,16,20.195
23,17,10.11
23,18,0.08
23,19,0
23,20,0
23,21,0
23,22,0
23,23,0
24,0,0
24,1,0
24,2,0
24,3,0
24,4,0
24,5,0
24,6,0
24,7,0
24,8,0.19
24,9,10.565
24,10,21.065
24,11,28.93
24,12,33.425
24,13,34.955
24,14,33.3
24,15,27.855
24,16,20.195
24,17,10.11
24,18,0.08
24,19,0
24,20,0
24,21,0
24,22,0
24,23,0
25,0,0
25,1,0
25,2,0
25,3,0
25,4,0
25,5,0
25,6,0
25,7,0
25,8,0.19
25,9,10.565
25,10,21.065
25,11,28.93
25,12,33.425
25,13,34.955
25,14,33.3
25,15,27.855
25,16,20.195
25,17,10.11
25,18,0.08
25,19,0
25,20,0
25,21,0
25,22,0
25,23,0
26,0,0
26,1,0
26,2,0
26,3,0
26,4,0
26,5,0
26,6,0
26,7,0
26,8,0.19
26,9,10.565
26,10,21.065
26,11,28.93
26,12,33.425
26,13,34.955
26,14,33.3
26,15,27.855
26,16,20.195
26,17,10.11
26,18,0.08
26,19,0
26,20,0
26,21,0
26,22,0
26,23,0
27,0,0
27,1,0
27,2,0
27,3,0
27,4,0
27,5,0
27,6,0
27,7,0
27,8,0.19
27,9,10.565
27,10,21.065
27,11,28.93
27,12,33.425
27,13,34.955
27,14,33.3
27,15,27.855
27,16,20.195
27,17,10.11
27,18,0.08
27,19,0
27,20,0
27,21,0
27,22,0
27,23,0
28,0,0
28,1,0
28,2,0
28,3,0
28,4,0
28,5,0
28,6,0
28,7,0
28,8,0.19
28,9,10.565
28,10,21.065
28,11,28.93
28,12,33.425
28,13,34.955
28,14,33.3
28,15,27.855
28,16,20.195
28,17,10.11
28,18,0.08
28,19,0
28,20,0
28,21,0
28,22,0
28,23,0
29,0,0
29,1,0
29,2,0
29,3,0
29,4,0
29,5,0
29,6,0
29,7,0
29,8,0.19
29,9,10.565
29,10,21.065
29,11,28.93
29,12,33.425
29,13,34.955
29,14,33.3
29,15,27.855
29,16,20.195
29,17,10.11
29,18,0.08
29,19,0
29,20,0
29,21,0
29,22,0
29,23,0
30,0,0
30,1,0
30,2,0
30,3,0
30,4,0
30,5,0
30,6,0
30,7,0
30,8,0.19
30,9,10.565
30,10,21.065
30,11,28.93
30,12,33.425
30,13,34.955
30,14,33.3
30,15,27.855
30,16,20.195
30,17,10.11
30,18,0.08
30,19,0
30,20,0
30,21,0
30,22,0
30,23,0
31,0,0
31,1,0
31,2,0
31,3,0
31,4,0
31,5,0
31,6,0
31,7,0
31,8,0.19
31,9,10.565
31,10,21.065
31,11,28.93
31,12,33.425
31,13,34.955
31,14,33.3
31,15,27.855
31,16,20.195
31,17,10.11
31,18,0.08
31,19,0
31,20,0
31,21,0
31,22,0
31,23,0
1,0,0
1,1,0
1,2,0
1,3,0
1,4,0
1,5,0
1,6,0
1,7,0
1,8,0
1,9,10.46
1,10,21.935
1,11,30.905
1,12,35.945
1,13,37.435
1,14,36.41
1,15,32.585
1,16,25.055
1,17,14.375
1,18,2.165
1,19,0
1,20,0
1,21,0
1,22,0
1,23,0
2,0,0
2,1,0
2,2,0
2,3,0
2,4,0
2,5,0
2,6,0
2,7,0
2,8,0
2,9,10.46
2,10,21.935
2,11,30.905
2,12,35.945
2,13,37.435
2,14,36.41
2,15,32.585
2,16,25.055
2,17,14.375
2,18,2.165
2,19,0
2,20,0
2,21,0
2,22,0
2,23,0
3,0,0
3,1,0
3,2,0
3,3,0
3,4,0
3,5,0
3,6,0
3,7,0
3,8,0
3,9,10.46
3,10,21.935
3,11,30.905
3,12,35.945
3,13,37.435
3,14,36.41
3,15,32.585
3,16,25.055
3,17,14.375
3,18,2.165
3,19,0
3,20,0
3,21,0
3,22,0
3,23,0
4,0,0
4,1,0
4,2,0
4,3,0
4,4,0
4,5,0
4,6,0
4,7,0
4,8,0
4,9,10.46
4,10,21.935
4,11,30.905
4,12,35.945
4,13,37.435
4,14,36.41
4,15,32.585
4,16,25.055
4,17,14.375
4,18,2.165
4,19,0
4,20,0
4,21,0
4,22,0
4,23,0
5,0,0
5,1,0
5,2,0
5,3,0
5,4,0
5,5,0
5,6,0
5,7,0
5,8,0
5,9,10.46
5,10,21.935
5,11,30.905
5,12,35.945
5,13,37.435
5,14,36.41
5,15,32.585
5,16,25.055
5,17,14.375
5,18,2.165
5,19,0
5,20,0
5,21,0
5,22,0
5,23,0
6,0,0
6,1,0
6,2,0
6,3,0
6,4,0
6,5,0
6,6,0
6,7,0
6,8,0
6,9,10.46
6,10,21.935
6,11,30.905
6,12,35.945
6,13,37.435
6,14,36.41
6,15,32.585
6,16,25.055
6,17,14.375
6,18,2.165
6,19,0
6,20,0
6,21,0
6,22,0
6,23,0
7,0,0
7,1,0
7,2,0
7,3,0
7,4,0
7,5,0
7,6,0
7,7,0
7,8,0
7,9,10.46
7,10,21.935
7,11,30.905
7,12,35.945
7,13,37.435
7,14,36.41
7,15,32.585
7,16,25.055
7,17,14.375
7,18,2.165
7,19,0
7,20,0
7,21,0
7,22,0
7,23,0
8,0,0
8,1,0
8,2,0
8,3,0
8,4,0
8,5,0
8,6,0
8,7,0
8,8,0
8,9,10.46
8,10,21.935
8,11,30.905
8,12,35.945
8,13,37.435
8,14,36.41
8,15,32.585
8,16,25.055
8,17,14.375
8,18,2.165
8,19,0
8,20,0
8,21,0
8,22,0
8,23,0
9,0,0
9,1,0
9,2,0
9,3,0
9,4,0
9,5,0
9,6,0
9,7,0
9,8,0
9,9,10.46
9,10,21.935
9,11,30.905
9,12,35.945
9,13,37.435
9,14,36.41
9,15,32.585
9,16,25.055
9,17,14.375
9,18,2.165
9,19,0
9,20,0
9,21,0
9,22,0
9,23,0
10,0,0
10,1,0
10,2,0
10,3,0
10,4,0
10,5,0
10,6,0
10,7,0
10,8,0
10,9,10.46
10,10,21.935
10,11,30.905
10,12,35.945
10,13,37.435
10,14,36.41
10,15,32.585
10,16,25.055
10,17,14.375
10,18,2.165
10,19,0
10,20,0
10,21,0
10,22,0
10,23,0
11,0,0
11,1,0
11,2,0
11,3,0
11,4,0
11,5,0
11,6,0
11,7,0
11,8,0
11,9,10.46
11,10,21.935
11,11,30.905
11,12,35.945
11,13,37.435
11,14,36.41
11,15,32.585
11,16,25.055
11,17,14.375
11,18,2.165
11,19,0
11,20,0
11,21,0
11,22,0
11,23,0
12,0,0
12,1,0
12,2,0
12,3,0
12,4,0
12,5,0
12,6,0
12,7,0
12,8,0
12,9,10.46
12,10,21.935
12,11,30.905
12,12,35.945
12,13,37.435
12,14,36.41
12,15,32.585
12,16,25.055
12,17,14.375
12,18,2.165
12,19,0
12,20,0
12,21,0
12,22,0
12,23,0
13,0,0
13,1,0
13,2,0
13,3,0
13,4,0
13,5,0
13,6,0
13,7,0
13,8,0
13,9,10.46
13,10,21.935
13,11,30.905
13,12,35.945
13,13,37.435
13,14,36.41
13,15,32.585
13,16,25.055
13,17,14.375
13,18,2.165
13,19,0
13,20,0
13,21,0
13,22,0
13,23,0
14,0,0
14,1,0
14,2,0
14,3,0
14,4,0
14,5,0
14,6,0
14,7,0
14,8,0
14,9,10.46
14,10,21.935
14,11,30.905
14,12,35.945
14,13,37.435
14,14,36.41
14,15,32.585
14,16,25.055
14,17,14.375
14,18,2.165
14,19,0
14,20,0
14,21,0
14,22,0
14,23,0
15,0,0
15,1,0
15,2,0
15,3,0
15,4,0
15,5,0
15,6,0
15,7,0
15,8,0
15,9,10.46
15,10,21.935
15,11,30.905
15,12,35.945
15,13,37.435
15,14,36.41
15,15,32.585
15,16,25.055
15,17,14.375
15,18,2.165
15,19,0
15,20,0
15,21,0
15,22,0
15,23,0
16,0,0
16,1,0
16,2,0
16,3,0
16,4,0
16,5,0
16,6,0
16,7,0
16,8,0
16,9,10.46
16,10,21.935
16,11,30.905
16,12,35.945
16,13,37.435
16,14,36.41
16,15,32.585
16,16,25.055
16,17,14.375
16,18,2.165
16,19,0
16,20,0
16,21,0
16,22,0
16,23,0
17,0,0
17,1,0
17,2,0
17,3,0
17,4,0
17,5,0
17,6,0
17,7,0
17,8,0
17,9,10.46
17,10,21.935
17,11,30.905
17,12,35.945
17,13,37.435
17,14,36.41
17,15,32.585
17,16,25.055
17,17,14.375
17,18,2.165
17,19,0
17,20,0
17,21,0
17,22,0
17,23,0
18,0,0
18,1,0
18,2,0
18,3,0
18,4,0
18,5,0
18,6,0
18,7,0
18,8,0
18,9,10.46
18,10,21.935
18,11,30.905
18,12,35.945
18,13,37.435
18,14,36.41
18,15,32.585
18,16,25.055
18,17,14.375
18,18,2.165
18,19,0
18,20,0
18,21,0
18,22,0
18,23,0
19,0,0
19,1,0
19,2,0
19,3,0
19,4,0
19,5,0
19,6,0
19,7,0
19,8,0
19,9,10.46
19,10,21.935
19,11,30.905
19,12,35.945
19,13,37.435
19,14,36.41
19,15,32.585
19,16,25.055
19,17,14.375
19,18,2.165
19,19,0
19,20,0
19,21,0
19,22,0
19,23,0
20,0,0
20,1,0
20,2,0
20,3,0
20,4,0
20,5,0
20,6,0
20,7,0
20,8,0
20,9,10.46
20,10,21.935
20,11,30.905
20,12,35.945
20,13,37.435
20,14,36.41
20,15,32.585
20,16,25.055
20,17,14.375
20,18,2.165
20,19,0
20,20,0
20,21,0
20,22,0
20,23,0
21,0,0
21,1,0
21,2,0
21,3,0
21,4,0
21,5,0
21,6,0
21,7,0
21,8,0
21,9,10.46
21,10,21.935
21,11,30.905
21,12,35.945
21,13,37.435
21,14,36.41
21,15,32.585
21,16,25.055
21,17,14.375
21,18,2.165
21,19,0
21,20,0
21,21,0
21,22,0
21,23,0
22,0,0
22,1,0
22,2,0
22,3,0
22,4,0
22,5,0
22,6,0
22,7,0
22,8,0
22,9,10.46
22,10,21.935
22,11,30.905
22,12,35.945
22,13,37.435
22,14,36.41
22,15,32.585
22,16,25.055
22,17,14.375
22,18,2.165
22,19,0
22,20,0
22,21,0
22,22,0
22,23,0
23,0,0
23,1,0
23,2,0
23,3,0
23,4,0
23,5,0
23,6,0
23,7,0
23,8,0
23,9,10.46
23,10,21.935
23,11,30.905
23,12,35.945
23,13,37.435
23,14,36.41
23,15,32.585
23,16,25.055
23,17,14.375
23,18,2.165
23,19,0
23,20,0
23,21,0
23,22,0
23,23,0
24,0,0
24,1,0
24,2,0
24,3,0
24,4,0
24,5,0
24,6,0
24,7,0
24,8,0
24,9,10.46
24,10,21.935
24,11,30.905
24,12,35.945
24,13,37.435
24,14,36.41
24,15,32.585
24,16,25.055
24,17,14.375
24,18,2.165
24,19,0
24,20,0
24,21,0
24,22,0
24,23,0
25,0,0
25,1,0
25,2,0
25,3,0
25,4,0
25,5,0
25,6,0
25,7,0
25,8,0
25,9,10.46
25,10,21.935
25,11,30.905
25,12,35.945
25,13,37.435
25,14,36.41
25,15,32.585
25,16,25.055
25,17,14.375
25,18,2.165
25,19,0
25,20,0
25,21,0
25,22,0
25,23,0
26,0,0
26,1,0
26,2,0
26,3,0
26,4,0
26,5,0
26,6,0
26,7,0
26,8,0
26,9,10.46
26,10,21.935
26,11,30.905
26,12,35.945
26,13,37.435
26,14,36.41
26,15,32.585
26,16,25.055
26,17,14.375
26,18,2.165
26,19,0
26,20,0
26,21,0
26,22,0
26,23,0
27,0,0
27,1,0
27,2,0
27,3,0
27,4,0
27,5,0
27,6,0
27,7,0
27,8,0
27,9,10.46
27,10,21.935
27,11,30.905
27,12,35.945
27,13,37.435
27,14,36.41
27,15,32.585
27,16,25.055
27,17,14.375
27,18,2.165
27,19,0
27,20,0
27,21,0
27,22,0
27,23,0
28,0,0
28,1,0
28,2,0
28,3,0
28,4,0
28,5,0
28,6,0
28,7,0
28,8,0
28,9,10.46
28,10,21.935
28,11,30.905
28,12,35.945
28,13,37.435
28,14,36.41
28,15,32.585
28,16,25.055
28,17,14.375
28,18,2.165
28,19,0
28,20,0
28,21,0
28,22,0
28,23,0
29,0,0
29,1,0
29,2,0
29,3,0
29,4,0
29,5,0
29,6,0
29,7,0
29,8,0
29,9,10.46
29,10,21.935
29,11,30.905
29,12,35.945
29,13,37.435
29,14,36.41
29,15,32.585
29,16,25.055
29,17,14.375
29,18,2.165
29,19,0
29,20,0
29,21,0
29,22,0
29,23,0
30,0,0
30,1,0
30,2,0
30,3,0
30,4,0
30,5,0
30,6,0
30,7,0
30,8,0
30,9,10.46
30,10,21.935
30,11,30.905
30,12,35.945
30,13,37.435
30,14,36.41
30,15,32.585
30,16,25.055
30,17,14.375
30,18,2.165
30,19,0
30,20,0
30,21,0
30,22,0
30,23,0
31,0,0
31,1,0
31,2,0
31,3,0
31,4,0
31,5,0
31,6,0
31,7,0
31,8,0
31,9,10.46
31,10,21.935
31,11,30.905
31,12,35.945
31,13,37.435
31,14,36.41
31,15,32.585
31,16,25.055
31,17,14.375
31,18,2.165
31,19,0
31,20,0
31,21,0
31,22,0
31,23,0
1,0,0
1,1,0
1,2,0
1,3,0
1,4,0
1,5,0
1,6,0
1,7,0
1,8,0.355
1,9,11.165
1,10,22.475
1,11,31.46
1,12,37.265
1,13,39.675
1,14,38.83
1,15,34.85
1,16,27.475
1,17,17.56
1,18,6.365
1,19,0
1,20,0
1,21,0
1,22,0
1,23,0
2,0,0
2,1,0
2,2,0
2,3,0
2,4,0
2,5,0
2,6,0
2,7,0
2,8,0.355
2,9,11.165
2,10,22.475
2,11,31.46
2,12,37.265
2,13,39.675
2,14,38.83
2,15,34.85
2,16,27.475
2,17,17.56
2,18,6.365
2,19,0
2,20,0
2,21,0
2,22,0
2,23,0
3,0,0
3,1,0
3,2,0
3,3,0
3,4,0
3,5,0
3,6,0
3,7,0
3,8,0.355
3,9,11.165
3,10,22.475
3,11,31.46
3,12,37.265
3,13,39.675
3,14,38.83
3,15,34.85
3,16,27.475
3,17,17.56
3,18,6.365
3,19,0
3,20,0
3,21,0
3,22,0
3,23,0
4,0,0
4,1,0
4,2,0
4,3,0
4,4,0
4,5,0
4,6,0
4,7,0
4,8,0.355
4,9,11.165
4,10,22.475
4,11,31.46
4,12,37.265
4,13,39.675
4,14,38.83
4,15,34.85
4,16,27.475
4,17,17.56
4,18,6.365
4,19,0
4,20,0
4,21,0
4,22,0
4,23,0
5,0,0
5,1,0
5,2,0
5,3,0
5,4,0
5,5,0
5,6,0
5,7,0
5,8,0.355
5,9,11.165
5,10,22.475
5,11,31.46
5,12,37.265
5,13,39.675
5,14,38.83
5,15,34.85
5,16,27.475
5,17,17.56
5,18,6.365
5,19,0
5,20,0
5,21,0
5,22,0
5,23,0
6,0,0
6,1,0
6,2,0
6,3,0
6,4,0
6,5,0
6,6,0
6,7,0
6,8,0.355
6,9,11.165
6,10,22.475
6,11,31.46
6,12,37.265
6,13,39.675
6,14,38.83
6,15,34.85
6,16,27.475
6,17,17.56
6,18,6.365
6,19,0
6,20,0
6,21,0
6,22,0
6,23,0
7,0,0
7,1,0
7,2,0
7,3,0
7,4,0
7,5,0
7,6,0
7,7,0
7,8,0.355
7,9,11.165
7,10,22.475
7,11,31.46
7,12,37.265
7,13,39.675
7,14,38.83
7,15,34.85
7,16,27.475
7,17,17.56
7,18,6.365
7,19,0
7,20,0
7,21,0
7,22,0
7,23,0
8,0,0
8,1,0
8,2,0
8,3,0
8,4,0
8,5,0
8,6,0
8,7,0
8,8,0.355
8,9,11.165
8,10,22.475
8,11,31.46
8,12,37.265
8,13,39.675
8,14,38.83
8,15,34.85
8,16,27.475
8,17,17.56
8,18,6.365
8,19,0
8,20,0
8,21,0
8,22,0
8,23,0
9,0,0
9,1,0
9,2,0
9,3,0
9,4,0
9,5,0
9,6,0
9,7,0
9,8,0.355
9,9,11.165
9,10,22.475
9,11,31.46
9,12,37.265
9,13,39.675
9,14,38.83
9,15,34.85
9,16,27.475
9,17,17.56
9,18,6.365
9,19,0
9,20,0
9,21,0
9,22,0
9,23,0
10,0,0
10,1,0
10,2,0
10,3,0
10,4,0
10,5,0
10,6,0
10,7,0
10,8,0.355
10,9,11.165
10,10,22.475
10,11,31.46
10,12,37.265
10,13,39.675
10,14,38.83
10,15,34.85
10,16,27.475
10,17,17.56
10,18,6.365
10,19,0
10,20,0
10,21,0
10,22,0
10,23,0
11,0,0
11,1,0
11,2,0
11,3,0
11,4,0
11,5,0
11,6,0
11,7,0
11,8,0.355
11,9,11.165
11,10,22.475
11,11,31.46
11,12,37.265
11,13,39.675
11,14,38.83
11,15,34.85
11,16,27.475
11,17,17.56
11,18,6.365
11,19,0
11,20,0
11,21,0
11,22,0
11,23,0
12,0,0
12,1,0
12,2,0
12,3,0
12,4,0
12,5,0
12,6,0
12,7,0
12,8,0.355
12,9,11.165
12,10,22.475
12,11,31.46
12,12,37.265
12,13,39.675
12,14,38.83
12,15,34.85
12,16,27.475
12,17,17.56
12,18,6.365
12,19,0
12,20,0
12,21,0
12,22,0
12,23,0
13,0,0
13,1,0
13,2,0
13,3,0
13,4,0
13,5,0
13,6,0
13,7,0
13,8,0.355
13,9,11.165
13,10,22.475
13,11,31.46
13,12,37.265
13,13,39.675
13,14,38.83
13,15,34.85
13,16,27.475
13,17,17.56
13,18,6.365
13,19,0
13,20,0
13,21,0
13,22,0
13,23,0
14,0,0
14,1,0
14,2,0
14,3,0
14,4,0
14,5,0
14,6,0
14,7,0
14,8,0.355
14,9,11.165
14,10,22.475
14,11,31.46
14,12,37.265
14,13,39.675
14,14,38.83
14,15,34.85
14,16,27.475
14,17,17.56
14,18,6.365
14,19,0
14,20,0
14,21,0
14,22,0
14,23,0
15,0,0
15,1,0
15,2,0
15,3,0
15,4,0
15,5,0
15,6,0
15,7,0
15,8,0.355
15,9,11.165
15,10,22.475
15,11,31.46
15,12,37.265
15,13,39.675
15,14,38.83
15,15,34.85
15,16,27.475
15,17,17.56
15,18,6.365
15,19,0
15,20,0
15,21,0
15,22,0
15,23,0
16,0,0
16,1,0
16,2,0
16,3,0
16,4,0
16,5,0
16,6,0
16,7,0
16,8,0.355
16,9,11.165
16,10,22.475
16,11,31.46
16,12,37.265
16,13,39.675
16,14,38.83
16,15,34.85
16,16,27.475
16,17,17.56
16,18,6.365
16,19,0
16,20,0
16,21,0
16,22,0
16,23,0
17,0,0
17,1,0
17,2,0
17,3,0
17,4,0
17,5,0
17,6,0
17,7,0
17,8,0.355
17,9,11.165
17,10,22.475
17,11,31.46
17,12,37.265
17,13,39.675
17,14,38.83
17,15,34.85
17,16,27.475
17,17,17.56
17,18,6.365
17,19,0
17,20,0
17,21,0
17,22,0
17,23,0
18,0,0
18,1,0
18,2,0
18,3,0
18,4,0
18,5,0
18,6,0
18,7,0
18,8,0.355
18,9,11.165
18,10,22.475
18,11,31.46
18,12,37.265
18,13,39.675
18,14,38.83
18,15,34.85
18,16,27.475
18,17,17.56
18,18,6.365
18,19,0
18,20,0
18,21,0
18,22,0
18,23,0
19,0,0
19,1,0
19,2,0
19,3,0
19,4,0
19,5,0
19,6,0
19,7,0
19,8,0.355
19,9,11.165
19,10,22.475
19,11,31.46
19,12,37.265
19,13,39.675
19,14,38.83
19,15,34.85
19,16,27.475
19,17,17.56
19,18,6.365
19,19,0
19,20,0
19,21,0
19,22,0
19,23,0
20,0,0
20,1,0
20,2,0
20,3,0
20,4,0
20,5,0
20,6,0
20,7,0
20,8,0.355
20,9,11.165
20,10,22.475
20,11,31.46
20,12,37.265
20,13,39.675
20,14,38.83
20,15,34.85
20,16,27.475
20,17,17.56
20,18,6.365
20,19,0
20,20,0
20,21,0
20,22,0
20,23,0
21,0,0
21,1,0
21,2,0
21,3,0
21,4,0
21,5,0
21,6,0
21,7,0
21,8,0.355
21,9,11.165
21,10,22.475
21,11,31.46
21,12,37.265
21,13,39.675
21,14,38.83
21,15,34.85
21,16,27.475
21,17,17.56
21,18,6.365
21,19,0
21,20,0
21,21,0
21,22,0
21,23,0
22,0,0
22,1,0
22,2,0
22,3,0
22,4,0
22,5,0
22,6,0
22,7,0
22,8,0.355
22,9,11.165
22,10,22.475
22,11,31.46
22,12,37.265
22,13,39.675
22,14,38.83
22,15,34.85
22,16,27.475
22,17,17.56
22,18,6.365
22,19,0
22,20,0
22,21,0
22,22,0
22,23,0
23,0,0
23,1,0
23,2,0
23,3,0
23,4,0
23,5,0
23,6,0
23,7,0
23,8,0.355
23,9,11.165
23,10,22.475
23,11,31.46
23,12,37.265
23,13,39.675
23,14,38.83
23,15,34.85
23,16,27.475
23,17,17.56
23,18,6.365
23,19,0
23,20,0
23,21,0
23,22,0
23,23,0
24,0,0
24,1,0
24,2,0
24,3,0
24,4,0
24,5,0
24,6,0
24,7,0
24,8,0.355
24,9,11.165
24,10,22.475
24,11,31.46
24,12,37.265
24,13,39.675
24,14,38.83
24,15,34.85
24,16,27.475
24,17,17.56
24,18,6.365
24,19,0
24,20,0
24,21,0
24,22,0
24,23,0
25,0,0
25,1,0
25,2,0
25,3,0
25,4,0
25,5,0
25,6,0
25,7,0
25,8,0.355
25,9,11.165
25,10,22.475
25,11,31.46
25,12,37.265
25,13,39.675
25,14,38.83
25,15,34.85
25,16,27.475
25,17,17.56
25,18,6.365
25,19,0
25,20,0
25,21,0
25,22,0
25,23,0
26,0,0
26,1,0
26,2,0
26,3,0
26,4,0
26,5,0
26,6,0
26,7,0
26,8,0.355
26,9,11.165
26,10,22.475
26,11,31.46
26,12,37.265
26,13,39.675
26,14,38.83
26,15,34.85
26,16,27.475
26,17,17.56
26,18,6.365
26,19,0
26,20,0
26,21,0
26,22,0
26,23,0
27,0,0
27,1,0
27,2,0
27,3,0
27,4,0
27,5,0
27,6,0
27,7,0
27,8,0.355
27,9,11.165
27,10,22.475
27,11,31.46
27,12,37.265
27,13,39.675
27,14,38.83
27,15,34.85
27,16,27.475
27,17,17.56
27,18,6.365
27,19,0
27,20,0
27,21,0
27,22,0
27,23,0
28,0,0
28,1,0
28,2,0
28,3,0
28,4,0
28,5,0
28,6,0
28,7,0
28,8,0.355
28,9,11.165
28,10,22.475
28,11,31.46
28,12,37.265
28,13,39.675
28,14,38.83
28,15,34.85
28,16,27.475
28,17,17.56
28,18,6.365
28,19,0
28,20,0
28,21,0
28,22,0
28,23,0
1,0,0
1,1,0
1,2,0
1,3,0
1,4,0
1,5,0
1,6,0
1,7,0
1,8,3.84
1,9,13.895
1,10,24.39
1,11,32.655
1,12,37.33
1,13,39.125
1,14,38.115
1,15,33.825
1,16,27.265
1,17,17.74
1,18,7.355
1,19,0.03
1,20,0
1,21,0
1,22,0
1,23,0
2,0,0
2,1,0
2,2,0
2,3,0
2,4,0
2,5,0
2,6,0
2,7,0
2,8,3.84
2,9,13.895
2,10,24.39
2,11,32.655
2,12,37.33
2,13,39.125
2,14,38.115
2,15,33.825
2,16,27.265
2,17,17.74
2,18,7.355
2,19,0.03
2,20,0
2,21,0
2,22,0
2,23,0
3,0,0
3,1,0
3,2,0
3,3,0
3,4,0
3,5,0
3,6,0
3,7,0
3,8,3.84
3,9,13.895
3,10,24.39
3,11,32.655
3,12,37.33
3,13,39.125
3,14,38.115
3,15,33.825
3,16,27.265
3,17,17.74
3,18,7.355
3,19,0.03
3,20,0
3,21,0
3,22,0
3,23,0
4,0,0
4,1,0
4,2,0
4,3,0
4,4,0
4,5,0
4,6,0
4,7,0
4,8,3.84
4,9,13.895
4,10,24.39
4,11,32.655
4,12,37.33
4,13,39.125
4,14,38.115
4,15,33.825
4,16,27.265
4,17,17.74
4,18,7.355
4,19,0.03
4,20,0
4,21,0
4,22,0
4,23,0
5,0,0
5,1,0
5,2,0
5,3,0
5,4,0
5,5,0
5,6,0
5,7,0
5,8,3.84
5,9,13.895
5,10,24.39
5,11,32.655
5,12,37.33
5,13,39.125
5,14,38.115
5,15,33.825
5,16,27.265
5,17,17.74
5,18,7.355
5,19,0.03
5,20,0
5,21,0
5,22,0
5,23,0
6,0,0
6,1,0
6,2,0
6,3,0
6,4,0
6,5,0
6,6,0
6,7,0
6,8,3.84
6,9,13.895
6,10,24.39
6,11,32.655
6,12,37.33
6,13,39.125
6,14,38.115
6,15,33.825
6,16,27.265
6,17,17.74
6,18,7.355
6,19,0.03
6,20,0
6,21,0
6,22,0
6,23,0
7,0,0
7,1,0
7,2,0
7,3,0
7,4,0
7,5,0
7,6,0
7,7,0
7,8,3.84
7,9,13.895
7,10,24.39
7,11,32.655
7,12,37.33
7,13,39.125
7,14,38.115
7,15,33.825
7,16,27.265
7,17,17.74
7,18,7.355
7,19,0.03
7,20,0
7,21,0
7,22,0
7,23,0
8,0,0
8,1,0
8,2,0
8,3,0
8,4,0
8,5,0
8,6,0
8,7,0
8,8,3.84
8,9,13.895
8,10,24.39
8,11,32.655
8,12,37.33
8,13,39.125
8,14,38.115
8,15,33.825
8,16,27.265
8,17,17.74
8,18,7.355
8,19,0.03
8,20,0
8,21,0
8,22,0
8,23,0
9,0,0
9,1,0
9,2,0
9,3,0
9,4,0
9,5,0
9,6,0
9,7,0
9,8,3.84
9,9,13.895
9,10,24.39
9,11,32.655
9,12,37.33
9,13,39.125
9,14,38.115
9,15,33.825
9,16,27.265
9,17,17.74
9,18,7.355
9,19,0.03
9,20,0
9,21,0
9,22,0
9,23,0
10,0,0
10,1,0
10,2,0
10,3,0
10,4,0
10,5,0
10,6,0
10,7,0
10,8,3.84
10,9,13.895
10,10,24.39
10,11,32.655
10,12,37.33
10,13,39.125
10,14,38.115
10,15,33.825
10,16,27.265
10,17,17.74
10,18,7.355
10,19,0.03
10,20,0
10,21,0
10,22,0
10,23,0
11,0,0
11,1,0
11,2,0
11,3,0
11,4,0
11,5,0
11,6,0
11,7,0
11,8,3.84
11,9,13.895
11,10,24.39
11,11,32.655
11,12,37.33
11,13,39.125
11,14,38.115
11,15,33.825
11,16,27.265
11,17,17.74
11,18,7.355
11,19,0.03
11,20,0
11,21,0
11,22,0
11,23,0
12,0,0
12,1,0
12,2,0
12,3,0
12,4,0
12,5,0
12,6,0
12,7,0
12,8,3.84
12,9,13.895
12,10,24.39
12,11,32.655
12,12,37.33
12,13,39.125
12,14,38.115
12,15,33.825
12,16,27.265
12,17,17.74
12,18,7.355
12,19,0.03
12,20,0
12,21,0
12,22,0
12,23,0
13,0,0
13,1,0
13,2,0
13,3,0
13,4,0
13,5,0
13,6,0
13,7,0
13,8,3.84
13,9,13.895
13,10,24.39
13,11,32.655
13,12,37.33
13,13,39.125
13,14,38.115
13,15,33.825
13,16,27.265
13,17,17.74
13,18,7.355
13,19,0.03
13,20,0
13,21,0
13,22,0
13,23,0
14,0,0
14,1,0
14,2,0
14,3,0
14,4,0
14,5,0
14,6,0
14,7,0
14,8,3.84
14,9,13.895
14,10,24.39
14,11,32.655
14,12,37.33
14,13,39.125
14,14,38.115
14,15,33.825
14,16,27.265
14,17,17.74
14,18,7.355
14,19,0.03
14,20,0
14,21,0
14,22,0
14,23,0
15,0,0
15,1,0
15,2,0
15,3,0
15,4,0
15,5,0
15,6,0
15,7,0
15,8,3.84
15,9,13.895
15,10,24.39
15,11,32.655
15,12,37.33
15,13,39.125
15,14,38.115
15,15,33.825
15,16,27.265
15,17,17.74
15,18,7.355
15,19,0.03
15,20,0
15,21,0
15,22,0
15,23,0
16,0,0
16,1,0
16,2,0
16,3,0
16,4,0
16,5,0
16,6,0
16,7,0
16,8,3.84
16,9,13.895
16,10,24.39
16,11,32.655
16,12,37.33
16,13,39.125
16,14,38.115
16,15,33.825
16,16,27.265
16,17,17.74
16,18,7.355
16,19,0.03
16,20,0
16,21,0
16,22,0
16,23,0
17,0,0
17,1,0
17,2,0
17,3,0
17,4,0
17,5,0
17,6,0
17,7,0
17,8,3.84
17,9,13.895
17,10,24.39
17,11,32.655
17,12,37.33
17,13,39.125
17,14,38.115
17,15,33.825
17,16,27.265
17,17,17.74
17,18,7.355
17,19,0.03
17,20,0
17,21,0
17,22,0
17,23,0
18,0,0
18,1,0
18,2,0
18,3,0
18,4,0
18,5,0
18,6,0
18,7,0
18,8,3.84
18,9,13.895
18,10,24.39
18,11,32.655
18,12,37.33
18,13,39.125
18,14,38.115
18,15,33.825
18,16,27.265
18,17,17.74
18,18,7.355
18,19,0.03
18,20,0
18,21,0
18,22,0
18,23,0
19,0,0
19,1,0
19,2,0
19,3,0
19,4,0
19,5,0
19,6,0
19,7,0
19,8,3.84
19,9,13.895
19,10,24.39
19,11,32.655
19,12,37.33
19,13,39.125
19,14,38.115
19,15,33.825
19,16,27.265
19,17,17.74
19,18,7.355
19,19,0.03
19,20,0
19,21,0
19,22,0
19,23,0
20,0,0
20,1,0
20,2,0
20,3,0
20,4,0
20,5,0
20,6,0
20,7,0
20,8,3.84
20,9,13.895
20,10,24.39
20,11,32.655
20,12,37.33
20,13,39.125
20,14,38.115
20,15,33.825
20,16,27.265
20,17,17.74
20,18,7.355
20,19,0.03
20,20,0
20,21,0
20,22,0
20,23,0
21,0,0
21,1,0
21,2,0
21,3,0
21,4,0
21,5,0
21,6,0
21,7,0
21,8,3.84
21,9,13.895
21,10,24.39
21,11,32.655
21,12,37.33
21,13,39.125
21,14,38.115
21,15,33.825
21,16,27.265
21,17,17.74
21,18,7.355
21,19,0.03
21,20,0
21,21,0
21,22,0
21,23,0
22,0,0
22,1,0
22,2,0
22,3,0
22,4,0
22,5,0
22,6,0
22,7,0
22,8,3.84
22,9,13.895
22,10,24.39
22,11,32.655
22,12,37.33
22,13,39.125
22,14,38.115
22,15,33.825
22,16,27.265
22,17,17.74
22,18,7.355
22,19,0.03
22,20,0
22,21,0
22,22,0
22,23,0
23,0,0
23,1,0
23,2,0
23,3,0
23,4,0
23,5,0
23,6,0
23,7,0
23,8,3.84
23,9,13.895
23,10,24.39
23,11,32.655
23,12,37.33
23,13,39.125
23,14,38.115
23,15,33.825
23,16,27.265
23,17,17.74
23,18,7.355
23,19,0.03
23,20,0
23,21,0
23,22,0
23,23,0
24,0,0
24,1,0
24,2,0
24,3,0
24,4,0
24,5,0
24,6,0
24,7,0
24,8,3.84
24,9,13.895
24,10,24.39
24,11,32.655
24,12,37.33
24,13,39.125
24,14,38.115
24,15,33.825
24,16,27.265
24,17,17.74
24,18,7.355
24,19,0.03
24,20,0
24,21,0
24,22,0
24,23,0
25,0,0
25,1,0
25,2,0
25,3,0
25,4,0
25,5,0
25,6,0
25,7,0
25,8,3.84
25,9,13.895
25,10,24.39
25,11,32.655
25,12,37.33
25,13,39.125
25,14,38.115
25,15,33.825
25,16,27.265
25,17,17.74
25,18,7.355
25,19,0.03
25,20,0
25,21,0
25,22,0
25,23,0
26,0,0
26,1,0
26,2,0
26,3,0
26,4,0
26,5,0
26,6,0
26,7,0
26,8,3.84
26,9,13.895
26,10,24.39
26,11,32.655
26,12,37.33
26,13,39.125
26,14,38.115
26,15,33.825
26,16,27.265
26,17,17.74
26,18,7.355
26,19,0.03
26,20,0
26,21,0
26,22,0
26,23,0
27,0,0
27,1,0
27,2,0
27,3,0
27,4,0
27,5,0
27,6,0
27,7,0
27,8,3.84
27,9,13.895
27,10,24.39
27,11,32.655
27,12,37.33
27,13,39.125
27,14,38.115
27,15,33.825
27,16,27.265
27,17,17.74
27,18,7.355
27,19,0.03
27,20,0
27,21,0
27,22,0
27,23,0
28,0,0
28,1,0
28,2,0
28,3,0
28,4,0
28,5,0
28,6,0
28,7,0
28,8,3.84
28,9,13.895
28,10,24.39
28,11,32.655
28,12,37.33
28,13,39.125
28,14,38.115
28,15,33.825
28,16,27.265
28,17,17.74
28,18,7.355
28,19,0.03
28,20,0
28,21,0
28,22,0
28,23,0
29,0,0
29,1,0
29,2,0
29,3,0
29,4,0
29,5,0
29,6,0
29,7,0
29,8,3.84
29,9,13.895
29,10,24.39
29,11,32.655
29,12,37.33
29,13,39.125
29,14,38.115
29,15,33.825
29,16,27.265
29,17,17.74
29,18,7.355
29,19,0.03
29,20,0
29,21,0
29,22,0
29,23,0
30,0,0
30,1,0
30,2,0
30,3,0
30,4,0
30,5,0
30,6,0
30,7,0
30,8,3.84
30,9,13.895
30,10,24.39
30,11,32.655
30,12,37.33
30,13,39.125
30,14,38.115
30,15,33.825
30,16,27.265
30,17,17.74
30,18,7.355
30,19,0.03
30,20,0
30,21,0
30,22,0
30,23,0
31,0,0
31,1,0
31,2,0
31,3,0
31,4,0
31,5,0
31,6,0
31,7,0
31,8,3.84
31,9,13.895
31,10,24.39
31,11,32.655
31,12,37.33
31,13,39.125
31,14,38.115
31,15,33.825
31,16,27.265
31,17,17.74
31,18,7.355
31,19,0.03
31,20,0
31,21,0
31,22,0
31,23,0
1,0,0
1,1,0
1,2,0
1,3,0
1,4,0
1,5,0
1,6,0
1,7,0.265
1,8,6.715
1,9,16.52
1,10,26.14
1,11,33.23
1,12,37.175
1,13,39.215
1,14,37.835
1,15,33.685
1,16,26.85
1,17,17.675
1,18,7.635
1,19,0.5
1,20,0
1,21,0
1,22,0
1,23,0
2,0,0
2,1,0
2,2,0
2,3,0
2,4,0
2,5,0
2,6,0
2,7,0.265
2,8,6.715
2,9,16.52
2,10,26.14
2,11,33.23
2,12,37.175
2,13,39.215
2,14,37.835
2,15,33.685
2,16,26.85
2,17,17.675
2,18,7.635
2,19,0.5
2,20,0
2,21,0
2,22,0
2,23,0
3,0,0
3,1,0
3,2,0
3,3,0
3,4,0
3,5,0
3,6,0
3,7,0.265
3,8,6.715
3,9,16.52
3,10,26.14
3,11,33.23
3,12,37.175
3,13,39.215
3,14,37.835
3,15,33.685
3,16,26.85
3,17,17.675
3,18,7.635
3,19,0.5
3,20,0
3,21,0
3,22,0
3,23,0
4,0,0
4,1,0
4,2,0
4,3,0
4,4,0
4,5,0
4,6,0
4,7,0.265
4,8,6.715
4,9,16.52
4,10,26.14
4,11,33.23
4,12,37.175
4,13,39.215
4,14,37.835
4,15,33.685
4,16,26.85
4,17,17.675
4,18,7.635
4,19,0.5
4,20,0
4,21,0
4,22,0
4,23,0
5,0,0
5,1,0
5,2,0
5,3,0
5,4,0
5,5,0
5,6,0
5,7,0.265
5,8,6.715
5,9,16.52
5,10,26.14
5,11,33.23
5,12,37.175
5,13,39.215
5,14,37.835
5,15,33.685
5,16,26.85
5,17,17.675
5,18,7.635
5,19,0.5
5,20,0
5,21,0
5,22,0
5,23,0
6,0,0
6,1,0
6,2,0
6,3,0
6,4,0
6,5,0
6,6,0
6,7,0.265
6,8,6.715
6,9,16.52
6,10,26.14
6,11,33.23
6,12,37.175
6,13,39.215
6,14,37.835
6,15,33.685
6,16,26.85
6,17,17.675
6,18,7.635
6,19,0.5
6,20,0
6,21,0
6,22,0
6,23,0
7,0,0
7,1,0
7,2,0
7,3,0
7,4,0
7,5,0
7,6,0
7,7,0.265
7,8,6.715
7,9,16.52
7,10,26.14
7,11,33.23
7,12,37.175
7,13,39.215
7,14,37.835
7,15,33.685
7,16,26.85
7,17,17.675
7,18,7.635
7,19,0.5
7,20,0
7,21,0
7,22,0
7,23,0
8,0,0
8,1,0
8,2,0
8,3,0
8,4,0
8,5,0
8,6,0
8,7,0.265
8,8,6.715
8,9,16.52
8,10,26.14
8,11,33.23
8,12,37.175
8,13,39.215
8,14,37.835
8,15,33.685
8,16,26.85
8,17,17.675
8,18,7.635
8,19,0.5
8,20,0
8,21,0
8,22,0
8,23,0
9,0,0
9,1,0
9,2,0
9,3,0
9,4,0
9,5,0
9,6,0
9,7,0.265
9,8,6.715
9,9,16.52
9,10,26.14
9,11,33.23
9,12,37.175
9,13,39.215
9,14,37.835
9,15,33.685
9,16,26.85
9,17,17.675
9,18,7.635
9,19,0.5
9,20,0
9,21,0
9,22,0
9,23,0
10,0,0
10,1,0
10,2,0
10,3,0
10,4,0
10,5,0
10,6,0
10,7,0.265
10,8,6.715
10,9,16.52
10,10,26.14
10,11,33.23
10,12,37.175
10,13,39.215
10,14,37.835
10,15,33.685
10,16,26.85
10,17,17.675
10,18,7.635
10,19,0.5
10,20,0
10,21,0
10,22,0
10,23,0
11,0,0
11,1,0
11,2,0
11,3,0
11,4,0
11,5,0
11,6,0
11,7,0.265
11,8,6.715
11,9,16.52
11,10,26.14
11,11,33.23
11,12,37.175
11,13,39.215
11,14,37.835
11,15,33.685
11,16,26.85
11,17,17.675
11,18,7.635
11,19,0.5
11,20,0
11,21,0
11,22,0
11,23,0
12,0,0
12,1,0
12,2,0
12,3,0
12,4,0
12,5,0
12,6,0
12,7,0.265
12,8,6.715
12,9,16.52
12,10,26.14
12,11,33.23
12,12,37.175
12,13,39.215
12,14,37.835
12,15,33.685
12,16,26.85
12,17,17.675
12,18,7.635
12,19,0.5
12,20,0
12,21,0
12,22,0
12,23,0
13,0,0
13,1,0
13,2,0
13,3,0
13,4,0
13,5,0
13,6,0
13,7,0.265
13,8,6.715
13,9,16.52
13,10,26.14
13,11,33.23
13,12,37.175
13,13,39.215
13,14,37.835
13,15,33.685
13,16,26.85
13,17,17.675
13,18,7.635
13,19,0.5
13,20,0
13,21,0
13,22,0
13,23,0
14,0,0
14,1,0
14,2,0
14,3,0
14,4,0
14,5,0
14,6,0
14,7,0.265
14,8,6.715
14,9,16.52
14,10,26.14
14,11,33.23
14,12,37.175
14,13,39.215
14,14,37.835
14,15,33.685
14,16,26.85
14,17,17.675
14,18,7.635
14,19,0.5
14,20,0
14,21,0
14,22,0
14,23,0
15,0,0
15,1,0
15,2,0
15,3,0
15,4,0
15,5,0
15,6,0
15,7,0.265
15,8,6.715
15,9,16.52
15,10,26.14
15,11,33.23
15,12,37.175
15,13,39.215
15,14,37.835
15,15,33.685
15,16,26.85
15,17,17.675
15,18,7.635
15,19,0.5
15,20,0
15,21,0
15,22,0
15,23,0
16,0,0
16,1,0
16,2,0
16,3,0
16,4,0
16,5,0
16,6,0
16,7,0.265
16,8,6.715
16,9,16.52
16,10,26.14
16,11,33.23
16,12,37.175
16,13,39.215
16,14,37.835
16,15,33.685
16,16,26.85
16,17,17.675
16,18,7.635
16,19,0.5
16,20,0
16,21,0
16,22,0
16,23,0
17,0,0
17,1,0
17,2,0
17,3,0
17,4,0
17,5,0
17,6,0
17,7,0.265
17,8,6.715
17,9,16.52
17,10,26.14
17,11,33.23
17,12,37.175
17,13,39.215
17,14,37.835
17,15,33.685
17,16,26.85
17,17,17.675
17,18,7.635
17,19,0.5
17,20,0
17,21,0
17,22,0
17,23,0
18,0,0
18,1,0
18,2,0
18,3,0
18,4,0
18,5,0
18,6,0
18,7,0.265
18,8,6.715
18,9,16.52
18,10,26.14
18,11,33.23
18,12,37.175
18,13,39.215
18,14,37.835
18,15,33.685
18,16,26.85
18,17,17.675
18,18,7.635
18,19,0.5
18,20,0
18,21,0
18,22,0
18,23,0
19,0,0
19,1,0
19,2,0
19,3,0
19,4,0
19,5,0
19,6,0
19,7,0.265
19,8,6.715
19,9,16.52
19,10,26.14
19,11,33.23
19,12,37.175
19,13,39.215
19,14,37.835
19,15,33.685
19,16,26.85
19,17,17.675
19,18,7.635
19,19,0.5
19,20,0
19,21,0
19,22,0
19,23,0
20,0,0
20,1,0
20,2,0
20,3,0
20,4,0
20,5,0
20,6,0
20,7,0.265
20,8,6.715
20,9,16.52
20,10,26.14
20,11,33.23
20,12,37.175
20,13,39.215
20,14,37.835
20,15,33.685
20,16,26.85
20,17,17.675
20,18,7.635
20,19,0.5
20,20,0
20,21,0
20,22,0
20,23,0
21,0,0
21,1,0
21,2,0
21,3,0
21,4,0
21,5,0
21,6,0
21,7,0.265
21,8,6.715
21,9,16.52
21,10,26.14
21,11,33.23
21,12,37.175
21,13,39.215
21,14,37.835
21,15,33.685
21,16,26.85
21,17,17.675
21,18,7.635
21,19,0.5
21,20,0
21,21,0
21,22,0
21,23,0
22,0,0
22,1,0
22,2,0
22,3,0
22,4,0
22,5,0
22,6,0
22,7,0.265
22,8,6.715
22,9,16.52
22,10,26.14
22,11,33.23
22,12,37.175
22,13,39.215
22,14,37.835
22,15,33.685
22,16,26.85
22,17,17.675
22,18,7.635
22,19,0.5
22,20,0
22,21,0
22,22,0
22,23,0
23,0,0
23,1,0
23,2,0
23,3,0
23,4,0
23,5,0
23,6,0
23,7,0.265
23,8,6.715
23,9,16.52
23,10,26.14
23,11,33.23
23,12,37.175
23,13,39.215
23,14,37.835
23,15,33.685
23,16,26.85
23,17,17.675
23,18,7.635
23,19,0.5
23,20,0
23,21,0
23,22,0
23,23,0
24,0,0
24,1,0
24,2,0
24,3,0
24,4,0
24,5,0
24,6,0
24,7,0.265
24,8,6.715
24,9,16.52
24,10,26.14
24,11,33.23
24,12,37.175
24,13,39.215
24,14,37.835
24,15,33.685
24,16,26.85
24,17,17.675
24,18,7.635
24,19,0.5
24,20,0
24,21,0
24,22,0
24,23,0
25,0,0
25,1,0
25,2,0
25,3,0
25,4,0
25,5,0
25,6,0
25,7,0.265
25,8,6.715
25,9,16.52
25,10,26.14
25,11,33.23
25,12,37.175
25,13,39.215
25,14,37.835
25,15,33.685
25,16,26.85
25,17,17.675
25,18,7.635
25,19,0.5
25,20,0
25,21,0
25,22,0
25,23,0
26,0,0
26,1,0
26,2,0
26,3,0
26,4,0
26,5,0
26,6,0
26,7,0.265
26,8,6.715
26,9,16.52
26,10,26.14
26,11,33.23
26,12,37.175
26,13,39.215
26,14,37.835
26,15,33.685
26,16,26.85
26,17,17.675
26,18,7.635
26,19,0.5
26,20,0
26,21,0
26,22,0
26,23,0
27,0,0
27,1,0
27,2,0
27,3,0
27,4,0
27,5,0
27,6,0
27,7,0.265
27,8,6.715
27,9,16.52
27,10,26.14
27,11,33.23
27,12,37.175
27,13,39.215
27,14,37.835
27,15,33.685
27,16,26.85
27,17,17.675
27,18,7.635
27,19,0.5
27,20,0
27,21,0
27,22,0
27,23,0
28,0,0
28,1,0
28,2,0
28,3,0
28,4,0
28,5,0
28,6,0
28,7,0.265
28,8,6.715
28,9,16.52
28,10,26.14
28,11,33.23
28,12,37.175
28,13,39.215
28,14,37.835
28,15,33.685
28,16,26.85
28,17,17.675
28,18,7.635
28,19,0.5
28,20,0
28,21,0
28,22,0
28,23,0
29,0,0
29,1,0
29,2,0
29,3,0
29,4,0
29,5,0
29,6,0
29,7,0.265
29,8,6.715
29,9,16.52
29,10,26.14
29,11,33.23
29,12,37.175
29,13,39.215
29,14,37.835
29,15,33.685
29,16,26.85
29,17,17.675
29,18,7.635
29,19,0.5
29,20,0
29,21,0
29,22,0
29,23,0
30,0,0
30,1,0
30,2,0
30,3,0
30,4,0
30,5,0
30,6,0
30,7,0.265
30,8,6.715
30,9,16.52
30,10,26.14
30,11,33.23
30,12,37.175
30,13,39.215
30,14,37.835
30,15,33.685
30,16,26.85
30,17,17.675
30,18,7.635
30,19,0.5
30,20,0
30,21,0
30,22,0
30,23,0
1,0,0
1,1,0
1,2,0
1,3,0
1,4,0
1,5,0
1,6,0
1,7,1.84
1,8,7.605
1,9,16.125
1,10,24.315
1,11,31.125
1,12,34.995
1,13,36.88
1,14,35.335
1,15,31.015
1,16,24.005
1,17,16.15
1,18,7.475
1,19,1.67
1,20,0
1,21,0
1,22,0
1,23,0
2,0,0
2,1,0
2,2,0
2,3,0
2,4,0
2,5,0
2,6,0
2,7,1.84
2,8,7.605
2,9,16.125
2,10,24.315
2,11,31.125
2,12,34.995
2,13,36.88
2,14,35.335
2,15,31.015
2,16,24.005
2,17,16.15
2,18,7.475
2,19,1.67
2,20,0
2,21,0
2,22,0
2,23,0
3,0,0
3,1,0
3,2,0
3,3,0
3,4,0
3,5,0
3,6,0
3,7,1.84
3,8,7.605
3,9,16.125
3,10,24.315
3,11,31.125
3,12,34.995
3,13,36.88
3,14,35.335
3,15,31.015
3,16,24.005
3,17,16.15
3,18,7.475
3,19,1.67
3,20,0
3,21,0
3,22,0
3,23,0
4,0,0
4,1,0
4,2,0
4,3,0
4,4,0
4,5,0
4,6,0
4,7,1.84
4,8,7.605
4,9,16.125
4,10,24.315
4,11,31.125
4,12,34.995
4,13,36.88
4,14,35.335
4,15,31.015
4,16,24.005
4,17,16.15
4,18,7.475
4,19,1.67
4,20,0
4,21,0
4,22,0
4,23,0
5,0,0
5,1,0
5,2,0
5,3,0
5,4,0
5,5,0
5,6,0
5,7,1.84
5,8,7.605
5,9,16.125
5,10,24.315
5,11,31.125
5,12,34.995
5,13,36.88
5,14,35.335
5,15,31.015
5,16,24.005
5,17,16.15
5,18,7.475
5,19,1.67
5,20,0
5,21,0
5,22,0
5,23,0
6,0,0
6,1,0
6,2,0
6,3,0
6,4,0
6,5,0
6,6,0
6,7,1.84
6,8,7.605
6,9,16.125
6,10,24.315
6,11,31.125
6,12,34.995
6,13,36.88
6,14,35.335
6,15,31.015
6,16,24.005
6,17,16.15
6,18,7.475
6,19,1.67
6,20,0
6,21,0
6,22,0
6,23,0
7,0,0
7,1,0
7,2,0
7,3,0
7,4,0
7,5,0
7,6,0
7,7,1.84
7,8,7.605
7,9,16.125
7,10,24.315
7,11,31.125
7,12,34.995
7,13,36.88
7,14,35.335
7,15,31.015
7,16,24.005
7,17,16.15
7,18,7.475
7,19,1.67
7,20,0
7,21,0
7,22,0
7,23,0
8,0,0
8,1,0
8,2,0
8,3,0
8,4,0
8,5,0
8,6,0
8,7,1.84
8,8,7.605
8,9,16.125
8,10,24.315
8,11,31.125
8,12,34.995
8,13,36.88
8,14,35.335
8,15,31.015
8,16,24.005
8,17,16.15
8,18,7.475
8,19,1.67
8,20,0
8,21,0
8,22,0
8,23,0
9,0,0
9,1,0
9,2,0
9,3,0
9,4,0
9,5,0
9,6,0
9,7,1.84
9,8,7.605
9,9,16.125
9,10,24.315
9,11,31.125
9,12,34.995
9,13,36.88
9,14,35.335
9,15,31.015
9,16,24.005
9,17,16.15
9,18,7.475
9,19,1.67
9,20,0
9,21,0
9,22,0
9,23,0
10,0,0
10,1,0
10,2,0
10,3,0
10,4,0
10,5,0
10,6,0
10,7,1.84
10,8,7.605
10,9,16.125
10,10,24.315
10,11,31.125
10,12,34.995
10,13,36.88
10,14,35.335
10,15,31.015
10,16,24.005
10,17,16.15
10,18,7.475
10,19,1.67
10,20,0
10,21,0
10,22,0
10,23,0
11,0,0
11,1,0
11,2,0
11,3,0
11,4,0
11,5,0
11,6,0
11,7,1.84
11,8,7.605
11,9,16.125
11,10,24.315
11,11,31.125
11,12,34.995
11,13,36.88
11,14,35.335
11,15,31.015
11,16,24.005
11,17,16.15
11,18,7.475
11,19,1.67
11,20,0
11,21,0
11,22,0
11,23,0
12,0,0
12,1,0
12,2,0
12,3,0
12,4,0
12,5,0
12,6,0
12,7,1.84
12,8,7.605
12,9,16.125
12,10,24.315
12,11,31.125
12,12,34.995
12,13,36.88
12,14,35.335
12,15,31.015
12,16,24.005
12,17,16.15
12,18,7.475
12,19,1.67
12,20,0
12,21,0
12,22,0
12,23,0
13,0,0
13,1,0
13,2,0
13,3,0
13,4,0
13,5,0
13,6,0
13,7,1.84
13,8,7.605
13,9,16.125
13,10,24.315
13,11,31.125
13,12,34.995
13,13,36.88
13,14,35.335
13,15,31.015
13,16,24.005
13,17,16.15
13,18,7.475
13,19,1.67
13,20,0
13,21,0
13,22,0
13,23,0
14,0,0
14,1,0
14,2,0
14,3,0
14,4,0
14,5,0
14,6,0
14,7,1.84
14,8,7.605
14,9,16.125
14,10,24.315
14,11,31.125
14,12,34.995
14,13,36.88
14,14,35.335
14,15,31.015
14,16,24.005
14,17,16.15
14,18,7.475
14,19,1.67
14,20,0
14,21,0
14,22,0
14,23,0
15,0,0
15,1,0
15,2,0
15,3,0
15,4,0
15,5,0
15,6,0
15,7,1.84
15,8,7.605
15,9,16.125
15,10,24.315
15,11,31.125
15,12,34.995
15,13,36.88
15,14,35.335
15,15,31.015
15,16,24.005
15,17,16.15
15,18,7.475
15,19,1.67
15,20,0
15,21,0
15,22,0
15,23,0
16,0,0
16,1,0
16,2,0
16,3,0
16,4,0
16,5,0
16,6,0
16,7,1.84
16,8,7.605
16,9,16.125
16,10,24.315
16,11,31.125
16,12,34.995
16,13,36.88
16,14,35.335
16,15,31.015
16,16,24.005
16,17,16.15
16,18,7.475
16,19,1.67
16,20,0
16,21,0
16,22,0
16,23,0
17,0,0
17,1,0
17,2,0
17,3,0
17,4,0
17,5,0
17,6,0
17,7,1.84
17,8,7.605
17,9,16.125
17,10,24.315
17,11,31.125
17,12,34.995
17,13,36.88
17,14,35.335
17,15,31.015
17,16,24.005
17,17,16.15
17,18,7.475
17,19,1.67
17,20,0
17,21,0
17,22,0
17,23,0
18,0,0
18,1,0
18,2,0
18,3,0
18,4,0
18,5,0
18,6,0
18,7,1.84
18,8,7.605
18,9,16.125
18,10,24.315
18,11,31.125
18,12,34.995
18,13,36.88
18,14,35.335
18,15,31.015
18,16,24.005
18,17,16.15
18,18,7.475
18,19,1.67
18,20,0
18,21,0
18,22,0
18,23,0
19,0,0
19,1,0
19,2,0
19,3,0
19,4,0
19,5,0
19,6,0
19,7,1.84
19,8,7.605
19,9,16.125
19,10,24.315
19,11,31.125
19,12,34.995
19,13,36.88
19,14,35.335
19,15,31.015
19,16,24.005
19,17,16.15
19,18,7.475
19,19,1.67
19,20,0
19,21,0
19,22,0
19,23,0
20,0,0
20,1,0
20,2,0
20,3,0
20,4,0
20,5,0
20,6,0
20,7,1.84
20,8,7.605
20,9,16.125
20,10,24.315
20,11,31.125
20,12,34.995
20,13,36.88
20,14,35.335
20,15,31.015
20,16,24.005
20,17,16.15
20,18,7.475
20,19,1.67
20,20,0
20,21,0
20,22,0
20,23,0
21,0,0
21,1,0
21,2,0
21,3,0
21,4,0
21,5,0
21,6,0
21,7,1.84
21,8,7.605
21,9,16.125
21,10,24.315
21,11,31.125
21,12,34.995
21,13,36.88
21,14,35.335
21,15,31.015
21,16,24.005
21,17,16.15
21,18,7.475
21,19,1.67
21,20,0
21,21,0
21,22,0
21,23,0
22,0,0
22,1,0
22,2,0
22,3,0
22,4,0
22,5,0
22,6,0
22,7,1.84
22,8,7.605
22,9,16.125
22,10,24.315
22,11,31.125
22,12,34.995
22,13,36.88
22,14,35.335
22,15,31.015
22,16,24.005
22,17,16.15
22,18,7.475
22,19,1.67
22,20,0
22,21,0
22,22,0
22,23,0
23,0,0
23,1,0
23,2,0
23,3,0
23,4,0
23,5,0
23,6,0
23,7,1.84
23,8,7.605
23,9,16.125
23,10,24.315
23,11,31.125
23,12,34.995
23,13,36.88
23,14,35.335
23,15,31.015
23,16,24.005
23,17,16.15
23,18,7.475
23,19,1.67
23,20,0
23,21,0
23,22,0
23,23,0
24,0,0
24,1,0
24,2,0
24,3,0
24,4,0
24,5,0
24,6,0
24,7,1.84
24,8,7.605
24,9,16.125
24,10,24.315
24,11,31.125
24,12,34.995
24,13,36.88
24,14,35.335
24,15,31.015
24,16,24.005
24,17,16.15
24,18,7.475
24,19,1.67
24,20,0
24,21,0
24,22,0
24,23,0
25,0,0
25,1,0
25,2,0
25,3,0
25,4,0
25,5,0
25,6,0
25,7,1.84
25,8,7.605
25,9,16.125
25,10,24.315
25,11,31.125
25,12,34.995
25,13,36.88
25,14,35.335
25,15,31.015
25,16,24.005
25,17,16.15
25,18,7.475
25,19,1.67
25,20,0
25,21,0
25,22,0
25,23,0
26,0,0
26,1,0
26,2,0
26,3,0
26,4,0
26,5,0
26,6,0
26,7,1.84
26,8,7.605
26,9,16.125
26,10,24.315
26,11,31.125
26,12,34.995
26,13,36.88
26,14,35.335
26,15,31.015
26,16,24.005
26,17,16.15
26,18,7.475
26,19,1.67
26,20,0
26,21,0
26,22,0
26,23,0
27,0,0
27,1,0
27,2,0
27,3,0
27,4,0
27,5,0
27,6,0
27,7,1.84
27,8,7.605
27,9,16.125
27,10,24.315
27,11,31.125
27,12,34.995
27,13,36.88
27,14,35.335
27,15,31.015
27,16,24.005
27,17,16.15
27,18,7.475
27,19,1.67
27,20,0
27,21,0
27,22,0
27,23,0
28,0,0
28,1,0
28,2,0
28,3,0
28,4,0
28,5,0
28,6,0
28,7,1.84
28,8,7.605
28,9,16.125
28,10,24.315
28,11,31.125
28,12,34.995
28,13,36.88
28,14,35.335
28,15,31.015
28,16,24.005
28,17,16.15
28,18,7.475
28,19,1.67
28,20,0
28,21,0
28,22,0
28,23,0
29,0,0
29,1,0
29,2,0
29,3,0
29,4,0
29,5,0
29,6,0
29,7,1.84
29,8,7.605
29,9,16.125
29,10,24.315
29,11,31.125
29,12,34.995
29,13,36.88
29,14,35.335
29,15,31.015
29,16,24.005
29,17,16.15
29,18,7.475
29,19,1.67
29,20,0
29,21,0
29,22,0
29,23,0
30,0,0
30,1,0
30,2,0
30,3,0
30,4,0
30,5,0
30,6,0
30,7,1.84
30,8,7.605
30,9,16.125
30,10,24.315
30,11,31.125
30,12,34.995
30,13,36.88
30,14,35.335
30,15,31.015
30,16,24.005
30,17,16.15
30,18,7.475
30,19,1.67
30,20,0
30,21,0
30,22,0
30,23,0
31,0,0
31,1,0
31,2,0
31,3,0
31,4,0
31,5,0
31,6,0
31,7,1.84
31,8,7.605
31,9,16.125
31,10,24.315
31,11,31.125
31,12,34.995
31,13,36.88
31,14,35.335
31,15,31.015
31,16,24.005
31,17,16.15
31,18,7.475
31,19,1.67
31,20,0
31,21,0
31,22,0
31,23,0
1,0,0
1,1,0
1,2,0
1,3,0
1,4,0
1,5,0
1,6,0
1,7,2.09
1,8,7.165
1,9,14.7
1,10,22.725
1,11,29.355
1,12,32.995
1,13,34.945
1,14,33.6
1,15,29.66
1,16,22.99
1,17,15.415
1,18,7.77
1,19,2.335
1,20,0
1,21,0
1,22,0
1,23,0
2,0,0
2,1,0
2,2,0
2,3,0
2,4,0
2,5,0
2,6,0
2,7,2.09
2,8,7.165
2,9,14.7
2,10,22.725
2,11,29.355
2,12,32.995
2,13,34.945
2,14,33.6
2,15,29.66
2,16,22.99
2,17,15.415
2,18,7.77
2,19,2.335
2,20,0
2,21,0
2,22,0
2,23,0
3,0,0
3,1,0
3,2,0
3,3,0
3,4,0
3,5,0
3,6,0
3,7,2.09
3,8,7.165
3,9,14.7
3,10,22.725
3,11,29.355
3,12,32.995
3,13,34.945
3,14,33.6
3,15,29.66
3,16,22.99
3,17,15.415
3,18,7.77
3,19,2.335
3,20,0
3,21,0
3,22,0
3,23,0
4,0,0
4,1,0
4,2,0
4,3,0
4,4,0
4,5,0
4,6,0
4,7,2.09
4,8,7.165
4,9,14.7
4,10,22.725
4,11,29.355
4,12,32.995
4,13,34.945
4,14,33.6
4,15,29.66
4,16,22.99
4,17,15.415
4,18,7.77
4,19,2.335
4,20,0
4,21,0
4,22,0
4,23,0
5,0,0
5,1,0
5,2,0
5,3,0
5,4,0
5,5,0
5,6,0
5,7,2.09
5,8,7.165
5,9,14.7
5,10,22.725
5,11,29.355
5,12,32.995
5,13,34.945
5,14,33.6
5,15,29.66
5,16,22.99
5,17,15.415
5,18,7.77
5,19,2.335
5,20,0
5,21,0
5,22,0
5,23,0
6,0,0
6,1,0
6,2,0
6,3,0
6,4,0
6,5,0
6,6,0
6,7,2.09
6,8,7.165
6,9,14.7
6,10,22.725
6,11,29.355
6,12,32.995
6,13,34.945
6,14,33.6
6,15,29.66
6,16,22.99
6,17,15.415
6,18,7.77
6,19,2.335
6,20,0
6,21,0
6,22,0
6,23,0
7,0,0
7,1,0
7,2,0
7,3,0
7,4,0
7,5,0
7,6,0
7,7,2.09
7,8,7.165
7,9,14.7
7,10,22.725
7,11,29.355
7,12,32.995
7,13,34.945
7,14,33.6
7,15,29.66
7,16,22.99
7,17,15.415
7,18,7.77
7,19,2.335
7,20,0
7,21,0
7,22,0
7,23,0
8,0,0
8,1,0
8,2,0
8,3,0
8,4,0
8,5,0
8,6,0
8,7,2.09
8,8,7.165
8,9,14.7
8,10,22.725
8,11,29.355
8,12,32.995
8,13,34.945
8,14,33.6
8,15,29.66
8,16,22.99
8,17,15.415
8,18,7.77
8,19,2.335
8,20,0
8,21,0
8,22,0
8,23,0
9,0,0
9,1,0
9,2,0
9,3,0
9,4,0
9,5,0
9,6,0
9,7,2.09
9,8,7.165
9,9,14.7
9,10,22.725
9,11,29.355
9,12,32.995
9,13,34.945
9,14,33.6
9,15,29.66
9,16,22.99
9,17,15.415
9,18,7.77
9,19,2.335
9,20,0
9,21,0
9,22,0
9,23,0
10,0,0
10,1,0
10,2,0
10,3,0
10,4,0
10,5,0
10,6,0
10,7,2.09
10,8,7.165
10,9,14.7
10,10,22.725
10,11,29.355
10,12,32.995
10,13,34.945
10,14,33.6
10,15,29.66
10,16,22.99
10,17,15.415
10,18,7.77
10,19,2.335
10,20,0
10,21,0
10,22,0
10,23,0
11,0,0
11,1,0
11,2,0
11,3,0
11,4,0
11,5,0
11,6,0
11,7,2.09
11,8,7.165
11,9,14.7
11,10,22.725
11,11,29.355
11,12,32.995
11,13,34.945
11,14,33.6
11,15,29.66
11,16,22.99
11,17,15.415
11,18,7.77
11,19,2.335
11,20,0
11,21,0
11,22,0
11,23,0
12,0,0
12,1,0
12,2,0
12,3,0
12,4,0
12,5,0
12,6,0
12,7,2.09
12,8,7.165
12,9,14.7
12,10,22.725
12,11,29.355
12,12,32.995
12,13,34.945
12,14,33.6
12,15,29.66
12,16,22.99
12,17,15.415
12,18,7.77
12,19,2.335
12,20,0
12,21,0
12,22,0
12,23,0
13,0,0
13,1,0
13,2,0
13,3,0
13,4,0
13,5,0
13,6,0
13,7,2.09
13,8,7.165
13,9,14.7
13,10,22.725
13,11,29.355
13,12,32.995
13,13,34.945
13,14,33.6
13,15,29.66
13,16,22.99
13,17,15.415
13,18,7.77
13,19,2.335
13,20,0
13,21,0
13,22,0
13,23,0
14,0,0
14,1,0
14,2,0
14,3,0
14,4,0
14,5,0
14,6,0
14,7,2.09
14,8,7.165
14,9,14.7
14,10,22.725
14,11,29.355
14,12,32.995
14,13,34.945
14,14,33.6
14,15,29.66
14,16,22.99
14,17,15.415
14,18,7.77
14,19,2.335
14,20,0
14,21,0
14,22,0
14,23,0
15,0,0
15,1,0
15,2,0
15,3,0
15,4,0
15,5,0
15,6,0
15,7,2.09
15,8,7.165
15,9,14.7
15,10,22.725
15,11,29.355
15,12,32.995
15,13,34.945
15,14,33.6
15,15,29.66
15,16,22.99
15,17,15.415
15,18,7.77
15,19,2.335
15,20,0
15,21,0
15,22,0
15,23,0
16,0,0
16,1,0
16,2,0
16,3,0
16,4,0
16,5,0
16,6,0
16,7,2.09
16,8,7.165
16,9,14.7
16,10,22.725
16,11,29.355
16,12,32.995
16,13,34.945
16,14,33.6
16,15,29.66
16,16,22.99
16,17,15.415
16,18,7.77
16,19,2.335
16,20,0
16,21,0
16,22,0
16,23,0
17,0,0
17,1,0
17,2,0
17,3,0
17,4,0
17,5,0
17,6,0
17,7,2.09
17,8,7.165
17,9,14.7
17,10,22.725
17,11,29.355
17,12,32.995
17,13,34.945
17,14,33.6
17,15,29.66
17,16,22.99
17,17,15.415
17,18,7.77
17,19,2.335
17,20,0
17,21,0
17,22,0
17,23,0
18,0,0
18,1,0
18,2,0
18,3,0
18,4,0
18,5,0
18,6,0
18,7,2.09
18,8,7.165
18,9,14.7
18,10,22.725
18,11,29.355
18,12,32.995
18,13,34.945
18,14,33.6
18,15,29.66
18,16,22.99
18,17,15.415
18,18,7.77
18,19,2.335
18,20,0
18,21,0
18,22,0
18,23,0
19,0,0
19,1,0
19,2,0
19,3,0
19,4,0
19,5,0
19,6,0
19,7,2.09
19,8,7.165
19,9,14.7
19,10,22.725
19,11,29.355
19,12,32.995
19,13,34.945
19,14,33.6
19,15,29.66
19,16,22.99
19,17,15.415
19,18,7.77
19,19,2.335
19,20,0
19,21,0
19,22,0
19,23,0
20,0,0
20,1,0
20,2,0
20,3,0
20,4,0
20,5,0
20,6,0
20,7,2.09
20,8,7.165
20,9,14.7
20,10,22.725
20,11,29.355
20,12,32.995
20,13,34.945
20,14,33.6
20,15,29.66
20,16,22.99
20,17,15.415
20,18,7.77
20,19,2.335
20,20,0
20,21,0
20,22,0
20,23,0
21,0,0
21,1,0
21,2,0
21,3,0
21,4,0
21,5,0
21,6,0
21,7,2.09
21,8,7.165
21,9,14.7
21,10,22.725
21,11,29.355
21,12,32.995
21,13,34.945
21,14,33.6
21,15,29.66
21,16,22.99
21,17,15.415
21,18,7.77
21,19,2.335
21,20,0
21,21,0
21,22,0
21,23,0
22,0,0
22,1,0
22,2,0
22,3,0
22,4,0
22,5,0
22,6,0
22,7,2.09
22,8,7.165
22,9,14.7
22,10,22.725
22,11,29.355
22,12,32.995
22,13,34.945
22,14,33.6
22,15,29.66
22,16,22.99
22,17,15.415
22,18,7.77
22,19,2.335
22,20,0
22,21,0
22,22,0
22,23,0
23,0,0
23,1,0
23,2,0
23,3,0
23,4,0
23,5,0
23,6,0
23,7,2.09
23,8,7.165
23,9,14.7
23,10,22.725
23,11,29.355
23,12,32.995
23,13,34.945
23,14,33.6
23,15,29.66
23,16,22.99
23,17,15.415
23,18,7.77
23,19,2.335
23,20,0
23,21,0
23,22,0
23,23,0
24,0,0
24,1,0
24,2,0
24,3,0
24,4,0
24,5,0
24,6,0
24,7,2.09
24,8,7.165
24,9,14.7
24,10,22.725
24,11,29.355
24,12,32.995
24,13,34.945
24,14,33.6
24,15,29.66
24,16,22.99
24,17,15.415
24,18,7.77
24,19,2.335
24,20,0
24,21,0
24,22,0
24,23,0
25,0,0
25,1,0
25,2,0
25,3,0
25,4,0
25,5,0
25,6,0
25,7,2.09
25,8,7.165
25,9,14.7
25,10,22.725
25,11,29.355
25,12,32.995
25,13,34.945
25,14,33.6
25,15,29.66
25,16,22.99
25,17,15.415
25,18,7.77
25,19,2.335
25,20,0
25,21,0
25,22,0
25,23,0
26,0,0
26,1,0
26,2,0
26,3,0
26,4,0
26,5,0
26,6,0
26,7,2.09
26,8,7.165
26,9,14.7
26,10,22.725
26,11,29.355
26,12,32.995
26,13,34.945
26,14,33.6
26,15,29.66
26,16,22.99
26,17,15.415
26,18,7.77
26,19,2.335
26,20,0
26,21,0
26,22,0
26,23,0
27,0,0
27,1,0
27,2,0
27,3,0
27,4,0
27,5,0
27,6,0
27,7,2.09
27,8,7.165
27,9,14.7
27,10,22.725
27,11,29.355
27,12,32.995
27,13,34.945
27,14,33.6
27,15,29.66
27,16,22.99
27,17,15.415
27,18,7.77
27,19,2.335
27,20,0
27,21,0
27,22,0
27,23,0
28,0,0
28,1,0
28,2,0
28,3,0
28,4,0
28,5,0
28,6,0
28,7,2.09
28,8,7.165
28,9,14.7
28,10,22.725
28,11,29.355
28,12,32.995
28,13,34.945
28,14,33.6
28,15,29.66
28,16,22.99
28,17,15.415
28,18,7.77
28,19,2.335
28,20,0
28,21,0
28,22,0
28,23,0
29,0,0
29,1,0
29,2,0
29,3,0
29,4,0
29,5,0
29,6,0
29,7,2.09
29,8,7.165
29,9,14.7
29,10,22.725
29,11,29.355
29,12,32.995
29,13,34.945
29,14,33.6
29,15,29.66
29,16,22.99
29,17,15.415
29,18,7.77
29,19,2.335
29,20,0
29,21,0
29,22,0
29,23,0
30,0,0
30,1,0
30,2,0
30,3,0
30,4,0
30,5,0
30,6,0
30,7,2.09
30,8,7.165
30,9,14.7
30,10,22.725
30,11,29.355
30,12,32.995
30,13,34.945
30,14,33.6
30,15,29.66
30,16,22.99
30,17,15.415
30,18,7.77
30,19,2.335
30,20,0
30,21,0
30,22,0
30,23,0
